video_frame,label,left,width,top,height
57906_000718_Endzone_1,H22,1,1,1,1
57906_000718_Endzone_2,H22,1,1,1,1
57906_000718_Endzone_3,H22,1,1,1,1
57906_000718_Endzone_4,H22,1,1,1,1
57906_000718_Endzone_5,H22,1,1,1,1
57906_000718_Endzone_6,H22,1,1,1,1
57906_000718_Endzone_7,H22,1,1,1,1
57906_000718_Endzone_8,H22,1,1,1,1
57906_000718_Endzone_9,H22,1,1,1,1
57906_000718_Endzone_10,H22,1,1,1,1
57906_000718_Endzone_11,H22,1,1,1,1
57906_000718_Endzone_12,H22,1,1,1,1
57906_000718_Endzone_13,H22,1,1,1,1
57906_000718_Endzone_14,H22,1,1,1,1
57906_000718_Endzone_15,H22,1,1,1,1
57906_000718_Endzone_16,H22,1,1,1,1
57906_000718_Endzone_17,H22,1,1,1,1
57906_000718_Endzone_18,H22,1,1,1,1
57906_000718_Endzone_19,H22,1,1,1,1
57906_000718_Endzone_20,H22,1,1,1,1
57906_000718_Endzone_21,H22,1,1,1,1
57906_000718_Endzone_22,H22,1,1,1,1
57906_000718_Endzone_23,H22,1,1,1,1
57906_000718_Endzone_24,H22,1,1,1,1
57906_000718_Endzone_25,H22,1,1,1,1
57906_000718_Endzone_26,H22,1,1,1,1
57906_000718_Endzone_27,H22,1,1,1,1
57906_000718_Endzone_28,H22,1,1,1,1
57906_000718_Endzone_29,H22,1,1,1,1
57906_000718_Endzone_30,H22,1,1,1,1
57906_000718_Endzone_31,H22,1,1,1,1
57906_000718_Endzone_32,H22,1,1,1,1
57906_000718_Endzone_33,H22,1,1,1,1
57906_000718_Endzone_34,H22,1,1,1,1
57906_000718_Endzone_35,H22,1,1,1,1
57906_000718_Endzone_36,H22,1,1,1,1
57906_000718_Endzone_37,H22,1,1,1,1
57906_000718_Endzone_38,H22,1,1,1,1
57906_000718_Endzone_39,H22,1,1,1,1
57906_000718_Endzone_40,H22,1,1,1,1
57906_000718_Endzone_41,H22,1,1,1,1
57906_000718_Endzone_42,H22,1,1,1,1
57906_000718_Endzone_43,H22,1,1,1,1
57906_000718_Endzone_44,H22,1,1,1,1
57906_000718_Endzone_45,H22,1,1,1,1
57906_000718_Endzone_46,H22,1,1,1,1
57906_000718_Endzone_47,H22,1,1,1,1
57906_000718_Endzone_48,H22,1,1,1,1
57906_000718_Endzone_49,H22,1,1,1,1
57906_000718_Endzone_50,H22,1,1,1,1
57906_000718_Endzone_51,H22,1,1,1,1
57906_000718_Endzone_52,H22,1,1,1,1
57906_000718_Endzone_53,H22,1,1,1,1
57906_000718_Endzone_54,H22,1,1,1,1
57906_000718_Endzone_55,H22,1,1,1,1
57906_000718_Endzone_56,H22,1,1,1,1
57906_000718_Endzone_57,H22,1,1,1,1
57906_000718_Endzone_58,H22,1,1,1,1
57906_000718_Endzone_59,H22,1,1,1,1
57906_000718_Endzone_60,H22,1,1,1,1
57906_000718_Endzone_61,H22,1,1,1,1
57906_000718_Endzone_62,H22,1,1,1,1
57906_000718_Endzone_63,H22,1,1,1,1
57906_000718_Endzone_64,H22,1,1,1,1
57906_000718_Endzone_65,H22,1,1,1,1
57906_000718_Endzone_66,H22,1,1,1,1
57906_000718_Endzone_67,H22,1,1,1,1
57906_000718_Endzone_68,H22,1,1,1,1
57906_000718_Endzone_69,H22,1,1,1,1
57906_000718_Endzone_70,H22,1,1,1,1
57906_000718_Endzone_71,H22,1,1,1,1
57906_000718_Endzone_72,H22,1,1,1,1
57906_000718_Endzone_73,H22,1,1,1,1
57906_000718_Endzone_74,H22,1,1,1,1
57906_000718_Endzone_75,H22,1,1,1,1
57906_000718_Endzone_76,H22,1,1,1,1
57906_000718_Endzone_77,H22,1,1,1,1
57906_000718_Endzone_78,H22,1,1,1,1
57906_000718_Endzone_79,H22,1,1,1,1
57906_000718_Endzone_80,H22,1,1,1,1
57906_000718_Endzone_81,H22,1,1,1,1
57906_000718_Endzone_82,H22,1,1,1,1
57906_000718_Endzone_83,H22,1,1,1,1
57906_000718_Endzone_84,H22,1,1,1,1
57906_000718_Endzone_85,H22,1,1,1,1
57906_000718_Endzone_86,H22,1,1,1,1
57906_000718_Endzone_87,H22,1,1,1,1
57906_000718_Endzone_88,H22,1,1,1,1
57906_000718_Endzone_89,H22,1,1,1,1
57906_000718_Endzone_90,H22,1,1,1,1
57906_000718_Endzone_91,H22,1,1,1,1
57906_000718_Endzone_92,H22,1,1,1,1
57906_000718_Endzone_93,H22,1,1,1,1
57906_000718_Endzone_94,H22,1,1,1,1
57906_000718_Endzone_95,H22,1,1,1,1
57906_000718_Endzone_96,H22,1,1,1,1
57906_000718_Endzone_97,H22,1,1,1,1
57906_000718_Endzone_98,H22,1,1,1,1
57906_000718_Endzone_99,H22,1,1,1,1
57906_000718_Endzone_100,H22,1,1,1,1
57906_000718_Endzone_101,H22,1,1,1,1
57906_000718_Endzone_102,H22,1,1,1,1
57906_000718_Endzone_103,H22,1,1,1,1
57906_000718_Endzone_104,H22,1,1,1,1
57906_000718_Endzone_105,H22,1,1,1,1
57906_000718_Endzone_106,H22,1,1,1,1
57906_000718_Endzone_107,H22,1,1,1,1
57906_000718_Endzone_108,H22,1,1,1,1
57906_000718_Endzone_109,H22,1,1,1,1
57906_000718_Endzone_110,H22,1,1,1,1
57906_000718_Endzone_111,H22,1,1,1,1
57906_000718_Endzone_112,H22,1,1,1,1
57906_000718_Endzone_113,H22,1,1,1,1
57906_000718_Endzone_114,H22,1,1,1,1
57906_000718_Endzone_115,H22,1,1,1,1
57906_000718_Endzone_116,H22,1,1,1,1
57906_000718_Endzone_117,H22,1,1,1,1
57906_000718_Endzone_118,H22,1,1,1,1
57906_000718_Endzone_119,H22,1,1,1,1
57906_000718_Endzone_120,H22,1,1,1,1
57906_000718_Endzone_121,H22,1,1,1,1
57906_000718_Endzone_122,H22,1,1,1,1
57906_000718_Endzone_123,H22,1,1,1,1
57906_000718_Endzone_124,H22,1,1,1,1
57906_000718_Endzone_125,H22,1,1,1,1
57906_000718_Endzone_126,H22,1,1,1,1
57906_000718_Endzone_127,H22,1,1,1,1
57906_000718_Endzone_128,H22,1,1,1,1
57906_000718_Endzone_129,H22,1,1,1,1
57906_000718_Endzone_130,H22,1,1,1,1
57906_000718_Endzone_131,H22,1,1,1,1
57906_000718_Endzone_132,H22,1,1,1,1
57906_000718_Endzone_133,H22,1,1,1,1
57906_000718_Endzone_134,H22,1,1,1,1
57906_000718_Endzone_135,H22,1,1,1,1
57906_000718_Endzone_136,H22,1,1,1,1
57906_000718_Endzone_137,H22,1,1,1,1
57906_000718_Endzone_138,H22,1,1,1,1
57906_000718_Endzone_139,H22,1,1,1,1
57906_000718_Endzone_140,H22,1,1,1,1
57906_000718_Endzone_141,H22,1,1,1,1
57906_000718_Endzone_142,H22,1,1,1,1
57906_000718_Endzone_143,H22,1,1,1,1
57906_000718_Endzone_144,H22,1,1,1,1
57906_000718_Endzone_145,H22,1,1,1,1
57906_000718_Endzone_146,H22,1,1,1,1
57906_000718_Endzone_147,H22,1,1,1,1
57906_000718_Endzone_148,H22,1,1,1,1
57906_000718_Endzone_149,H22,1,1,1,1
57906_000718_Endzone_150,H22,1,1,1,1
57906_000718_Endzone_151,H22,1,1,1,1
57906_000718_Endzone_152,H22,1,1,1,1
57906_000718_Endzone_153,H22,1,1,1,1
57906_000718_Endzone_154,H22,1,1,1,1
57906_000718_Endzone_155,H22,1,1,1,1
57906_000718_Endzone_156,H22,1,1,1,1
57906_000718_Endzone_157,H22,1,1,1,1
57906_000718_Endzone_158,H22,1,1,1,1
57906_000718_Endzone_159,H22,1,1,1,1
57906_000718_Endzone_160,H22,1,1,1,1
57906_000718_Endzone_161,H22,1,1,1,1
57906_000718_Endzone_162,H22,1,1,1,1
57906_000718_Endzone_163,H22,1,1,1,1
57906_000718_Endzone_164,H22,1,1,1,1
57906_000718_Endzone_165,H22,1,1,1,1
57906_000718_Endzone_166,H22,1,1,1,1
57906_000718_Endzone_167,H22,1,1,1,1
57906_000718_Endzone_168,H22,1,1,1,1
57906_000718_Endzone_169,H22,1,1,1,1
57906_000718_Endzone_170,H22,1,1,1,1
57906_000718_Endzone_171,H22,1,1,1,1
57906_000718_Endzone_172,H22,1,1,1,1
57906_000718_Endzone_173,H22,1,1,1,1
57906_000718_Endzone_174,H22,1,1,1,1
57906_000718_Endzone_175,H22,1,1,1,1
57906_000718_Endzone_176,H22,1,1,1,1
57906_000718_Endzone_177,H22,1,1,1,1
57906_000718_Endzone_178,H22,1,1,1,1
57906_000718_Endzone_179,H22,1,1,1,1
57906_000718_Endzone_180,H22,1,1,1,1
57906_000718_Endzone_181,H22,1,1,1,1
57906_000718_Endzone_182,H22,1,1,1,1
57906_000718_Endzone_183,H22,1,1,1,1
57906_000718_Endzone_184,H22,1,1,1,1
57906_000718_Endzone_185,H22,1,1,1,1
57906_000718_Endzone_186,H22,1,1,1,1
57906_000718_Endzone_187,H22,1,1,1,1
57906_000718_Endzone_188,H22,1,1,1,1
57906_000718_Endzone_189,H22,1,1,1,1
57906_000718_Endzone_190,H22,1,1,1,1
57906_000718_Endzone_191,H22,1,1,1,1
57906_000718_Endzone_192,H22,1,1,1,1
57906_000718_Endzone_193,H22,1,1,1,1
57906_000718_Endzone_194,H22,1,1,1,1
57906_000718_Endzone_195,H22,1,1,1,1
57906_000718_Endzone_196,H22,1,1,1,1
57906_000718_Endzone_197,H22,1,1,1,1
57906_000718_Endzone_198,H22,1,1,1,1
57906_000718_Endzone_199,H22,1,1,1,1
57906_000718_Endzone_200,H22,1,1,1,1
57906_000718_Endzone_201,H22,1,1,1,1
57906_000718_Endzone_202,H22,1,1,1,1
57906_000718_Endzone_203,H22,1,1,1,1
57906_000718_Endzone_204,H22,1,1,1,1
57906_000718_Endzone_205,H22,1,1,1,1
57906_000718_Endzone_206,H22,1,1,1,1
57906_000718_Endzone_207,H22,1,1,1,1
57906_000718_Endzone_208,H22,1,1,1,1
57906_000718_Endzone_209,H22,1,1,1,1
57906_000718_Endzone_210,H22,1,1,1,1
57906_000718_Endzone_211,H22,1,1,1,1
57906_000718_Endzone_212,H22,1,1,1,1
57906_000718_Endzone_213,H22,1,1,1,1
57906_000718_Endzone_214,H22,1,1,1,1
57906_000718_Endzone_215,H22,1,1,1,1
57906_000718_Endzone_216,H22,1,1,1,1
57906_000718_Endzone_217,H22,1,1,1,1
57906_000718_Endzone_218,H22,1,1,1,1
57906_000718_Endzone_219,H22,1,1,1,1
57906_000718_Endzone_220,H22,1,1,1,1
57906_000718_Endzone_221,H22,1,1,1,1
57906_000718_Endzone_222,H22,1,1,1,1
57906_000718_Endzone_223,H22,1,1,1,1
57906_000718_Endzone_224,H22,1,1,1,1
57906_000718_Endzone_225,H22,1,1,1,1
57906_000718_Endzone_226,H22,1,1,1,1
57906_000718_Endzone_227,H22,1,1,1,1
57906_000718_Endzone_228,H22,1,1,1,1
57906_000718_Endzone_229,H22,1,1,1,1
57906_000718_Endzone_230,H22,1,1,1,1
57906_000718_Endzone_231,H22,1,1,1,1
57906_000718_Endzone_232,H22,1,1,1,1
57906_000718_Endzone_233,H22,1,1,1,1
57906_000718_Endzone_234,H22,1,1,1,1
57906_000718_Endzone_235,H22,1,1,1,1
57906_000718_Endzone_236,H22,1,1,1,1
57906_000718_Endzone_237,H22,1,1,1,1
57906_000718_Endzone_238,H22,1,1,1,1
57906_000718_Endzone_239,H22,1,1,1,1
57906_000718_Endzone_240,H22,1,1,1,1
57906_000718_Endzone_241,H22,1,1,1,1
57906_000718_Endzone_242,H22,1,1,1,1
57906_000718_Endzone_243,H22,1,1,1,1
57906_000718_Endzone_244,H22,1,1,1,1
57906_000718_Endzone_245,H22,1,1,1,1
57906_000718_Endzone_246,H22,1,1,1,1
57906_000718_Endzone_247,H22,1,1,1,1
57906_000718_Endzone_248,H22,1,1,1,1
57906_000718_Endzone_249,H22,1,1,1,1
57906_000718_Endzone_250,H22,1,1,1,1
57906_000718_Endzone_251,H22,1,1,1,1
57906_000718_Endzone_252,H22,1,1,1,1
57906_000718_Endzone_253,H22,1,1,1,1
57906_000718_Endzone_254,H22,1,1,1,1
57906_000718_Endzone_255,H22,1,1,1,1
57906_000718_Endzone_256,H22,1,1,1,1
57906_000718_Endzone_257,H22,1,1,1,1
57906_000718_Endzone_258,H22,1,1,1,1
57906_000718_Endzone_259,H22,1,1,1,1
57906_000718_Endzone_260,H22,1,1,1,1
57906_000718_Endzone_261,H22,1,1,1,1
57906_000718_Endzone_262,H22,1,1,1,1
57906_000718_Endzone_263,H22,1,1,1,1
57906_000718_Endzone_264,H22,1,1,1,1
57906_000718_Endzone_265,H22,1,1,1,1
57906_000718_Endzone_266,H22,1,1,1,1
57906_000718_Endzone_267,H22,1,1,1,1
57906_000718_Endzone_268,H22,1,1,1,1
57906_000718_Endzone_269,H22,1,1,1,1
57906_000718_Endzone_270,H22,1,1,1,1
57906_000718_Endzone_271,H22,1,1,1,1
57906_000718_Endzone_272,H22,1,1,1,1
57906_000718_Endzone_273,H22,1,1,1,1
57906_000718_Endzone_274,H22,1,1,1,1
57906_000718_Endzone_275,H22,1,1,1,1
57906_000718_Endzone_276,H22,1,1,1,1
57906_000718_Endzone_277,H22,1,1,1,1
57906_000718_Endzone_278,H22,1,1,1,1
57906_000718_Endzone_279,H22,1,1,1,1
57906_000718_Endzone_280,H22,1,1,1,1
57906_000718_Endzone_281,H22,1,1,1,1
57906_000718_Endzone_282,H22,1,1,1,1
57906_000718_Endzone_283,H22,1,1,1,1
57906_000718_Endzone_284,H22,1,1,1,1
57906_000718_Endzone_285,H22,1,1,1,1
57906_000718_Endzone_286,H22,1,1,1,1
57906_000718_Endzone_287,H22,1,1,1,1
57906_000718_Endzone_288,H22,1,1,1,1
57906_000718_Endzone_289,H22,1,1,1,1
57906_000718_Endzone_290,H22,1,1,1,1
57906_000718_Endzone_291,H22,1,1,1,1
57906_000718_Endzone_292,H22,1,1,1,1
57906_000718_Endzone_293,H22,1,1,1,1
57906_000718_Endzone_294,H22,1,1,1,1
57906_000718_Endzone_295,H22,1,1,1,1
57906_000718_Endzone_296,H22,1,1,1,1
57906_000718_Endzone_297,H22,1,1,1,1
57906_000718_Endzone_298,H22,1,1,1,1
57906_000718_Endzone_299,H22,1,1,1,1
57906_000718_Endzone_300,H22,1,1,1,1
57906_000718_Endzone_301,H22,1,1,1,1
57906_000718_Endzone_302,H22,1,1,1,1
57906_000718_Endzone_303,H22,1,1,1,1
57906_000718_Endzone_304,H22,1,1,1,1
57906_000718_Endzone_305,H22,1,1,1,1
57906_000718_Endzone_306,H22,1,1,1,1
57906_000718_Endzone_307,H22,1,1,1,1
57906_000718_Endzone_308,H22,1,1,1,1
57906_000718_Endzone_309,H22,1,1,1,1
57906_000718_Endzone_310,H22,1,1,1,1
57906_000718_Endzone_311,H22,1,1,1,1
57906_000718_Endzone_312,H22,1,1,1,1
57906_000718_Endzone_313,H22,1,1,1,1
57906_000718_Endzone_314,H22,1,1,1,1
57906_000718_Endzone_315,H22,1,1,1,1
57906_000718_Endzone_316,H22,1,1,1,1
57906_000718_Endzone_317,H22,1,1,1,1
57906_000718_Endzone_318,H22,1,1,1,1
57906_000718_Endzone_319,H22,1,1,1,1
57906_000718_Endzone_320,H22,1,1,1,1
57906_000718_Endzone_321,H22,1,1,1,1
57906_000718_Endzone_322,H22,1,1,1,1
57906_000718_Endzone_323,H22,1,1,1,1
57906_000718_Endzone_324,H22,1,1,1,1
57906_000718_Endzone_325,H22,1,1,1,1
57906_000718_Endzone_326,H22,1,1,1,1
57906_000718_Endzone_327,H22,1,1,1,1
57906_000718_Endzone_328,H22,1,1,1,1
57906_000718_Endzone_329,H22,1,1,1,1
57906_000718_Endzone_330,H22,1,1,1,1
57906_000718_Endzone_331,H22,1,1,1,1
57906_000718_Endzone_332,H22,1,1,1,1
57906_000718_Endzone_333,H22,1,1,1,1
57906_000718_Endzone_334,H22,1,1,1,1
57906_000718_Endzone_335,H22,1,1,1,1
57906_000718_Endzone_336,H22,1,1,1,1
57906_000718_Endzone_337,H22,1,1,1,1
57906_000718_Endzone_338,H22,1,1,1,1
57906_000718_Endzone_339,H22,1,1,1,1
57906_000718_Endzone_340,H22,1,1,1,1
57906_000718_Endzone_341,H22,1,1,1,1
57906_000718_Endzone_342,H22,1,1,1,1
57906_000718_Endzone_343,H22,1,1,1,1
57906_000718_Endzone_344,H22,1,1,1,1
57906_000718_Endzone_345,H22,1,1,1,1
57906_000718_Endzone_346,H22,1,1,1,1
57906_000718_Endzone_347,H22,1,1,1,1
57906_000718_Endzone_348,H22,1,1,1,1
57906_000718_Endzone_349,H22,1,1,1,1
57906_000718_Endzone_350,H22,1,1,1,1
57906_000718_Endzone_351,H22,1,1,1,1
57906_000718_Endzone_352,H22,1,1,1,1
57906_000718_Endzone_353,H22,1,1,1,1
57906_000718_Endzone_354,H22,1,1,1,1
57906_000718_Endzone_355,H22,1,1,1,1
57906_000718_Endzone_356,H22,1,1,1,1
57906_000718_Endzone_357,H22,1,1,1,1
57906_000718_Endzone_358,H22,1,1,1,1
57906_000718_Endzone_359,H22,1,1,1,1
57906_000718_Endzone_360,H22,1,1,1,1
57906_000718_Endzone_361,H22,1,1,1,1
57906_000718_Endzone_362,H22,1,1,1,1
57906_000718_Endzone_363,H22,1,1,1,1
57906_000718_Endzone_364,H22,1,1,1,1
57906_000718_Endzone_365,H22,1,1,1,1
57906_000718_Endzone_366,H22,1,1,1,1
57906_000718_Endzone_367,H22,1,1,1,1
57906_000718_Endzone_368,H22,1,1,1,1
57906_000718_Endzone_369,H22,1,1,1,1
57906_000718_Endzone_370,H22,1,1,1,1
57906_000718_Endzone_371,H22,1,1,1,1
57906_000718_Endzone_372,H22,1,1,1,1
57906_000718_Endzone_373,H22,1,1,1,1
57906_000718_Endzone_374,H22,1,1,1,1
57906_000718_Endzone_375,H22,1,1,1,1
57906_000718_Endzone_376,H22,1,1,1,1
57906_000718_Endzone_377,H22,1,1,1,1
57906_000718_Endzone_378,H22,1,1,1,1
57906_000718_Endzone_379,H22,1,1,1,1
57906_000718_Endzone_380,H22,1,1,1,1
57906_000718_Endzone_381,H22,1,1,1,1
57906_000718_Endzone_382,H22,1,1,1,1
57906_000718_Endzone_383,H22,1,1,1,1
57906_000718_Endzone_384,H22,1,1,1,1
57906_000718_Endzone_385,H22,1,1,1,1
57906_000718_Endzone_386,H22,1,1,1,1
57906_000718_Endzone_387,H22,1,1,1,1
57906_000718_Endzone_388,H22,1,1,1,1
57906_000718_Endzone_389,H22,1,1,1,1
57906_000718_Endzone_390,H22,1,1,1,1
57906_000718_Endzone_391,H22,1,1,1,1
57906_000718_Endzone_392,H22,1,1,1,1
57906_000718_Endzone_393,H22,1,1,1,1
57906_000718_Endzone_394,H22,1,1,1,1
57906_000718_Endzone_395,H22,1,1,1,1
57906_000718_Endzone_396,H22,1,1,1,1
57906_000718_Endzone_397,H22,1,1,1,1
57906_000718_Endzone_398,H22,1,1,1,1
57906_000718_Endzone_399,H22,1,1,1,1
57906_000718_Endzone_400,H22,1,1,1,1
57906_000718_Endzone_401,H22,1,1,1,1
57906_000718_Endzone_402,H22,1,1,1,1
57906_000718_Endzone_403,H22,1,1,1,1
57906_000718_Endzone_404,H22,1,1,1,1
57906_000718_Endzone_405,H22,1,1,1,1
57906_000718_Endzone_406,H22,1,1,1,1
57906_000718_Endzone_407,H22,1,1,1,1
57906_000718_Endzone_408,H22,1,1,1,1
57906_000718_Endzone_409,H22,1,1,1,1
57906_000718_Endzone_410,H22,1,1,1,1
57906_000718_Endzone_411,H22,1,1,1,1
57906_000718_Endzone_412,H22,1,1,1,1
57906_000718_Endzone_413,H22,1,1,1,1
57906_000718_Endzone_414,H22,1,1,1,1
57906_000718_Endzone_415,H22,1,1,1,1
57906_000718_Endzone_416,H22,1,1,1,1
57906_000718_Endzone_417,H22,1,1,1,1
57906_000718_Endzone_418,H22,1,1,1,1
57906_000718_Endzone_419,H22,1,1,1,1
57906_000718_Endzone_420,H22,1,1,1,1
57906_000718_Endzone_421,H22,1,1,1,1
57906_000718_Endzone_422,H22,1,1,1,1
57906_000718_Endzone_423,H22,1,1,1,1
57906_000718_Endzone_424,H22,1,1,1,1
57906_000718_Endzone_425,H22,1,1,1,1
57906_000718_Endzone_426,H22,1,1,1,1
57906_000718_Endzone_427,H22,1,1,1,1
57906_000718_Endzone_428,H22,1,1,1,1
57906_000718_Endzone_429,H22,1,1,1,1
57906_000718_Endzone_430,H22,1,1,1,1
57906_000718_Endzone_431,H22,1,1,1,1
57906_000718_Endzone_432,H22,1,1,1,1
57906_000718_Endzone_433,H22,1,1,1,1
57906_000718_Endzone_434,H22,1,1,1,1
57906_000718_Sideline_1,H22,1,1,1,1
57906_000718_Sideline_2,H22,1,1,1,1
57906_000718_Sideline_3,H22,1,1,1,1
57906_000718_Sideline_4,H22,1,1,1,1
57906_000718_Sideline_5,H22,1,1,1,1
57906_000718_Sideline_6,H22,1,1,1,1
57906_000718_Sideline_7,H22,1,1,1,1
57906_000718_Sideline_8,H22,1,1,1,1
57906_000718_Sideline_9,H22,1,1,1,1
57906_000718_Sideline_10,H22,1,1,1,1
57906_000718_Sideline_11,H22,1,1,1,1
57906_000718_Sideline_12,H22,1,1,1,1
57906_000718_Sideline_13,H22,1,1,1,1
57906_000718_Sideline_14,H22,1,1,1,1
57906_000718_Sideline_15,H22,1,1,1,1
57906_000718_Sideline_16,H22,1,1,1,1
57906_000718_Sideline_17,H22,1,1,1,1
57906_000718_Sideline_18,H22,1,1,1,1
57906_000718_Sideline_19,H22,1,1,1,1
57906_000718_Sideline_20,H22,1,1,1,1
57906_000718_Sideline_21,H22,1,1,1,1
57906_000718_Sideline_22,H22,1,1,1,1
57906_000718_Sideline_23,H22,1,1,1,1
57906_000718_Sideline_24,H22,1,1,1,1
57906_000718_Sideline_25,H22,1,1,1,1
57906_000718_Sideline_26,H22,1,1,1,1
57906_000718_Sideline_27,H22,1,1,1,1
57906_000718_Sideline_28,H22,1,1,1,1
57906_000718_Sideline_29,H22,1,1,1,1
57906_000718_Sideline_30,H22,1,1,1,1
57906_000718_Sideline_31,H22,1,1,1,1
57906_000718_Sideline_32,H22,1,1,1,1
57906_000718_Sideline_33,H22,1,1,1,1
57906_000718_Sideline_34,H22,1,1,1,1
57906_000718_Sideline_35,H22,1,1,1,1
57906_000718_Sideline_36,H22,1,1,1,1
57906_000718_Sideline_37,H22,1,1,1,1
57906_000718_Sideline_38,H22,1,1,1,1
57906_000718_Sideline_39,H22,1,1,1,1
57906_000718_Sideline_40,H22,1,1,1,1
57906_000718_Sideline_41,H22,1,1,1,1
57906_000718_Sideline_42,H22,1,1,1,1
57906_000718_Sideline_43,H22,1,1,1,1
57906_000718_Sideline_44,H22,1,1,1,1
57906_000718_Sideline_45,H22,1,1,1,1
57906_000718_Sideline_46,H22,1,1,1,1
57906_000718_Sideline_47,H22,1,1,1,1
57906_000718_Sideline_48,H22,1,1,1,1
57906_000718_Sideline_49,H22,1,1,1,1
57906_000718_Sideline_50,H22,1,1,1,1
57906_000718_Sideline_51,H22,1,1,1,1
57906_000718_Sideline_52,H22,1,1,1,1
57906_000718_Sideline_53,H22,1,1,1,1
57906_000718_Sideline_54,H22,1,1,1,1
57906_000718_Sideline_55,H22,1,1,1,1
57906_000718_Sideline_56,H22,1,1,1,1
57906_000718_Sideline_57,H22,1,1,1,1
57906_000718_Sideline_58,H22,1,1,1,1
57906_000718_Sideline_59,H22,1,1,1,1
57906_000718_Sideline_60,H22,1,1,1,1
57906_000718_Sideline_61,H22,1,1,1,1
57906_000718_Sideline_62,H22,1,1,1,1
57906_000718_Sideline_63,H22,1,1,1,1
57906_000718_Sideline_64,H22,1,1,1,1
57906_000718_Sideline_65,H22,1,1,1,1
57906_000718_Sideline_66,H22,1,1,1,1
57906_000718_Sideline_67,H22,1,1,1,1
57906_000718_Sideline_68,H22,1,1,1,1
57906_000718_Sideline_69,H22,1,1,1,1
57906_000718_Sideline_70,H22,1,1,1,1
57906_000718_Sideline_71,H22,1,1,1,1
57906_000718_Sideline_72,H22,1,1,1,1
57906_000718_Sideline_73,H22,1,1,1,1
57906_000718_Sideline_74,H22,1,1,1,1
57906_000718_Sideline_75,H22,1,1,1,1
57906_000718_Sideline_76,H22,1,1,1,1
57906_000718_Sideline_77,H22,1,1,1,1
57906_000718_Sideline_78,H22,1,1,1,1
57906_000718_Sideline_79,H22,1,1,1,1
57906_000718_Sideline_80,H22,1,1,1,1
57906_000718_Sideline_81,H22,1,1,1,1
57906_000718_Sideline_82,H22,1,1,1,1
57906_000718_Sideline_83,H22,1,1,1,1
57906_000718_Sideline_84,H22,1,1,1,1
57906_000718_Sideline_85,H22,1,1,1,1
57906_000718_Sideline_86,H22,1,1,1,1
57906_000718_Sideline_87,H22,1,1,1,1
57906_000718_Sideline_88,H22,1,1,1,1
57906_000718_Sideline_89,H22,1,1,1,1
57906_000718_Sideline_90,H22,1,1,1,1
57906_000718_Sideline_91,H22,1,1,1,1
57906_000718_Sideline_92,H22,1,1,1,1
57906_000718_Sideline_93,H22,1,1,1,1
57906_000718_Sideline_94,H22,1,1,1,1
57906_000718_Sideline_95,H22,1,1,1,1
57906_000718_Sideline_96,H22,1,1,1,1
57906_000718_Sideline_97,H22,1,1,1,1
57906_000718_Sideline_98,H22,1,1,1,1
57906_000718_Sideline_99,H22,1,1,1,1
57906_000718_Sideline_100,H22,1,1,1,1
57906_000718_Sideline_101,H22,1,1,1,1
57906_000718_Sideline_102,H22,1,1,1,1
57906_000718_Sideline_103,H22,1,1,1,1
57906_000718_Sideline_104,H22,1,1,1,1
57906_000718_Sideline_105,H22,1,1,1,1
57906_000718_Sideline_106,H22,1,1,1,1
57906_000718_Sideline_107,H22,1,1,1,1
57906_000718_Sideline_108,H22,1,1,1,1
57906_000718_Sideline_109,H22,1,1,1,1
57906_000718_Sideline_110,H22,1,1,1,1
57906_000718_Sideline_111,H22,1,1,1,1
57906_000718_Sideline_112,H22,1,1,1,1
57906_000718_Sideline_113,H22,1,1,1,1
57906_000718_Sideline_114,H22,1,1,1,1
57906_000718_Sideline_115,H22,1,1,1,1
57906_000718_Sideline_116,H22,1,1,1,1
57906_000718_Sideline_117,H22,1,1,1,1
57906_000718_Sideline_118,H22,1,1,1,1
57906_000718_Sideline_119,H22,1,1,1,1
57906_000718_Sideline_120,H22,1,1,1,1
57906_000718_Sideline_121,H22,1,1,1,1
57906_000718_Sideline_122,H22,1,1,1,1
57906_000718_Sideline_123,H22,1,1,1,1
57906_000718_Sideline_124,H22,1,1,1,1
57906_000718_Sideline_125,H22,1,1,1,1
57906_000718_Sideline_126,H22,1,1,1,1
57906_000718_Sideline_127,H22,1,1,1,1
57906_000718_Sideline_128,H22,1,1,1,1
57906_000718_Sideline_129,H22,1,1,1,1
57906_000718_Sideline_130,H22,1,1,1,1
57906_000718_Sideline_131,H22,1,1,1,1
57906_000718_Sideline_132,H22,1,1,1,1
57906_000718_Sideline_133,H22,1,1,1,1
57906_000718_Sideline_134,H22,1,1,1,1
57906_000718_Sideline_135,H22,1,1,1,1
57906_000718_Sideline_136,H22,1,1,1,1
57906_000718_Sideline_137,H22,1,1,1,1
57906_000718_Sideline_138,H22,1,1,1,1
57906_000718_Sideline_139,H22,1,1,1,1
57906_000718_Sideline_140,H22,1,1,1,1
57906_000718_Sideline_141,H22,1,1,1,1
57906_000718_Sideline_142,H22,1,1,1,1
57906_000718_Sideline_143,H22,1,1,1,1
57906_000718_Sideline_144,H22,1,1,1,1
57906_000718_Sideline_145,H22,1,1,1,1
57906_000718_Sideline_146,H22,1,1,1,1
57906_000718_Sideline_147,H22,1,1,1,1
57906_000718_Sideline_148,H22,1,1,1,1
57906_000718_Sideline_149,H22,1,1,1,1
57906_000718_Sideline_150,H22,1,1,1,1
57906_000718_Sideline_151,H22,1,1,1,1
57906_000718_Sideline_152,H22,1,1,1,1
57906_000718_Sideline_153,H22,1,1,1,1
57906_000718_Sideline_154,H22,1,1,1,1
57906_000718_Sideline_155,H22,1,1,1,1
57906_000718_Sideline_156,H22,1,1,1,1
57906_000718_Sideline_157,H22,1,1,1,1
57906_000718_Sideline_158,H22,1,1,1,1
57906_000718_Sideline_159,H22,1,1,1,1
57906_000718_Sideline_160,H22,1,1,1,1
57906_000718_Sideline_161,H22,1,1,1,1
57906_000718_Sideline_162,H22,1,1,1,1
57906_000718_Sideline_163,H22,1,1,1,1
57906_000718_Sideline_164,H22,1,1,1,1
57906_000718_Sideline_165,H22,1,1,1,1
57906_000718_Sideline_166,H22,1,1,1,1
57906_000718_Sideline_167,H22,1,1,1,1
57906_000718_Sideline_168,H22,1,1,1,1
57906_000718_Sideline_169,H22,1,1,1,1
57906_000718_Sideline_170,H22,1,1,1,1
57906_000718_Sideline_171,H22,1,1,1,1
57906_000718_Sideline_172,H22,1,1,1,1
57906_000718_Sideline_173,H22,1,1,1,1
57906_000718_Sideline_174,H22,1,1,1,1
57906_000718_Sideline_175,H22,1,1,1,1
57906_000718_Sideline_176,H22,1,1,1,1
57906_000718_Sideline_177,H22,1,1,1,1
57906_000718_Sideline_178,H22,1,1,1,1
57906_000718_Sideline_179,H22,1,1,1,1
57906_000718_Sideline_180,H22,1,1,1,1
57906_000718_Sideline_181,H22,1,1,1,1
57906_000718_Sideline_182,H22,1,1,1,1
57906_000718_Sideline_183,H22,1,1,1,1
57906_000718_Sideline_184,H22,1,1,1,1
57906_000718_Sideline_185,H22,1,1,1,1
57906_000718_Sideline_186,H22,1,1,1,1
57906_000718_Sideline_187,H22,1,1,1,1
57906_000718_Sideline_188,H22,1,1,1,1
57906_000718_Sideline_189,H22,1,1,1,1
57906_000718_Sideline_190,H22,1,1,1,1
57906_000718_Sideline_191,H22,1,1,1,1
57906_000718_Sideline_192,H22,1,1,1,1
57906_000718_Sideline_193,H22,1,1,1,1
57906_000718_Sideline_194,H22,1,1,1,1
57906_000718_Sideline_195,H22,1,1,1,1
57906_000718_Sideline_196,H22,1,1,1,1
57906_000718_Sideline_197,H22,1,1,1,1
57906_000718_Sideline_198,H22,1,1,1,1
57906_000718_Sideline_199,H22,1,1,1,1
57906_000718_Sideline_200,H22,1,1,1,1
57906_000718_Sideline_201,H22,1,1,1,1
57906_000718_Sideline_202,H22,1,1,1,1
57906_000718_Sideline_203,H22,1,1,1,1
57906_000718_Sideline_204,H22,1,1,1,1
57906_000718_Sideline_205,H22,1,1,1,1
57906_000718_Sideline_206,H22,1,1,1,1
57906_000718_Sideline_207,H22,1,1,1,1
57906_000718_Sideline_208,H22,1,1,1,1
57906_000718_Sideline_209,H22,1,1,1,1
57906_000718_Sideline_210,H22,1,1,1,1
57906_000718_Sideline_211,H22,1,1,1,1
57906_000718_Sideline_212,H22,1,1,1,1
57906_000718_Sideline_213,H22,1,1,1,1
57906_000718_Sideline_214,H22,1,1,1,1
57906_000718_Sideline_215,H22,1,1,1,1
57906_000718_Sideline_216,H22,1,1,1,1
57906_000718_Sideline_217,H22,1,1,1,1
57906_000718_Sideline_218,H22,1,1,1,1
57906_000718_Sideline_219,H22,1,1,1,1
57906_000718_Sideline_220,H22,1,1,1,1
57906_000718_Sideline_221,H22,1,1,1,1
57906_000718_Sideline_222,H22,1,1,1,1
57906_000718_Sideline_223,H22,1,1,1,1
57906_000718_Sideline_224,H22,1,1,1,1
57906_000718_Sideline_225,H22,1,1,1,1
57906_000718_Sideline_226,H22,1,1,1,1
57906_000718_Sideline_227,H22,1,1,1,1
57906_000718_Sideline_228,H22,1,1,1,1
57906_000718_Sideline_229,H22,1,1,1,1
57906_000718_Sideline_230,H22,1,1,1,1
57906_000718_Sideline_231,H22,1,1,1,1
57906_000718_Sideline_232,H22,1,1,1,1
57906_000718_Sideline_233,H22,1,1,1,1
57906_000718_Sideline_234,H22,1,1,1,1
57906_000718_Sideline_235,H22,1,1,1,1
57906_000718_Sideline_236,H22,1,1,1,1
57906_000718_Sideline_237,H22,1,1,1,1
57906_000718_Sideline_238,H22,1,1,1,1
57906_000718_Sideline_239,H22,1,1,1,1
57906_000718_Sideline_240,H22,1,1,1,1
57906_000718_Sideline_241,H22,1,1,1,1
57906_000718_Sideline_242,H22,1,1,1,1
57906_000718_Sideline_243,H22,1,1,1,1
57906_000718_Sideline_244,H22,1,1,1,1
57906_000718_Sideline_245,H22,1,1,1,1
57906_000718_Sideline_246,H22,1,1,1,1
57906_000718_Sideline_247,H22,1,1,1,1
57906_000718_Sideline_248,H22,1,1,1,1
57906_000718_Sideline_249,H22,1,1,1,1
57906_000718_Sideline_250,H22,1,1,1,1
57906_000718_Sideline_251,H22,1,1,1,1
57906_000718_Sideline_252,H22,1,1,1,1
57906_000718_Sideline_253,H22,1,1,1,1
57906_000718_Sideline_254,H22,1,1,1,1
57906_000718_Sideline_255,H22,1,1,1,1
57906_000718_Sideline_256,H22,1,1,1,1
57906_000718_Sideline_257,H22,1,1,1,1
57906_000718_Sideline_258,H22,1,1,1,1
57906_000718_Sideline_259,H22,1,1,1,1
57906_000718_Sideline_260,H22,1,1,1,1
57906_000718_Sideline_261,H22,1,1,1,1
57906_000718_Sideline_262,H22,1,1,1,1
57906_000718_Sideline_263,H22,1,1,1,1
57906_000718_Sideline_264,H22,1,1,1,1
57906_000718_Sideline_265,H22,1,1,1,1
57906_000718_Sideline_266,H22,1,1,1,1
57906_000718_Sideline_267,H22,1,1,1,1
57906_000718_Sideline_268,H22,1,1,1,1
57906_000718_Sideline_269,H22,1,1,1,1
57906_000718_Sideline_270,H22,1,1,1,1
57906_000718_Sideline_271,H22,1,1,1,1
57906_000718_Sideline_272,H22,1,1,1,1
57906_000718_Sideline_273,H22,1,1,1,1
57906_000718_Sideline_274,H22,1,1,1,1
57906_000718_Sideline_275,H22,1,1,1,1
57906_000718_Sideline_276,H22,1,1,1,1
57906_000718_Sideline_277,H22,1,1,1,1
57906_000718_Sideline_278,H22,1,1,1,1
57906_000718_Sideline_279,H22,1,1,1,1
57906_000718_Sideline_280,H22,1,1,1,1
57906_000718_Sideline_281,H22,1,1,1,1
57906_000718_Sideline_282,H22,1,1,1,1
57906_000718_Sideline_283,H22,1,1,1,1
57906_000718_Sideline_284,H22,1,1,1,1
57906_000718_Sideline_285,H22,1,1,1,1
57906_000718_Sideline_286,H22,1,1,1,1
57906_000718_Sideline_287,H22,1,1,1,1
57906_000718_Sideline_288,H22,1,1,1,1
57906_000718_Sideline_289,H22,1,1,1,1
57906_000718_Sideline_290,H22,1,1,1,1
57906_000718_Sideline_291,H22,1,1,1,1
57906_000718_Sideline_292,H22,1,1,1,1
57906_000718_Sideline_293,H22,1,1,1,1
57906_000718_Sideline_294,H22,1,1,1,1
57906_000718_Sideline_295,H22,1,1,1,1
57906_000718_Sideline_296,H22,1,1,1,1
57906_000718_Sideline_297,H22,1,1,1,1
57906_000718_Sideline_298,H22,1,1,1,1
57906_000718_Sideline_299,H22,1,1,1,1
57906_000718_Sideline_300,H22,1,1,1,1
57906_000718_Sideline_301,H22,1,1,1,1
57906_000718_Sideline_302,H22,1,1,1,1
57906_000718_Sideline_303,H22,1,1,1,1
57906_000718_Sideline_304,H22,1,1,1,1
57906_000718_Sideline_305,H22,1,1,1,1
57906_000718_Sideline_306,H22,1,1,1,1
57906_000718_Sideline_307,H22,1,1,1,1
57906_000718_Sideline_308,H22,1,1,1,1
57906_000718_Sideline_309,H22,1,1,1,1
57906_000718_Sideline_310,H22,1,1,1,1
57906_000718_Sideline_311,H22,1,1,1,1
57906_000718_Sideline_312,H22,1,1,1,1
57906_000718_Sideline_313,H22,1,1,1,1
57906_000718_Sideline_314,H22,1,1,1,1
57906_000718_Sideline_315,H22,1,1,1,1
57906_000718_Sideline_316,H22,1,1,1,1
57906_000718_Sideline_317,H22,1,1,1,1
57906_000718_Sideline_318,H22,1,1,1,1
57906_000718_Sideline_319,H22,1,1,1,1
57906_000718_Sideline_320,H22,1,1,1,1
57906_000718_Sideline_321,H22,1,1,1,1
57906_000718_Sideline_322,H22,1,1,1,1
57906_000718_Sideline_323,H22,1,1,1,1
57906_000718_Sideline_324,H22,1,1,1,1
57906_000718_Sideline_325,H22,1,1,1,1
57906_000718_Sideline_326,H22,1,1,1,1
57906_000718_Sideline_327,H22,1,1,1,1
57906_000718_Sideline_328,H22,1,1,1,1
57906_000718_Sideline_329,H22,1,1,1,1
57906_000718_Sideline_330,H22,1,1,1,1
57906_000718_Sideline_331,H22,1,1,1,1
57906_000718_Sideline_332,H22,1,1,1,1
57906_000718_Sideline_333,H22,1,1,1,1
57906_000718_Sideline_334,H22,1,1,1,1
57906_000718_Sideline_335,H22,1,1,1,1
57906_000718_Sideline_336,H22,1,1,1,1
57906_000718_Sideline_337,H22,1,1,1,1
57906_000718_Sideline_338,H22,1,1,1,1
57906_000718_Sideline_339,H22,1,1,1,1
57906_000718_Sideline_340,H22,1,1,1,1
57906_000718_Sideline_341,H22,1,1,1,1
57906_000718_Sideline_342,H22,1,1,1,1
57906_000718_Sideline_343,H22,1,1,1,1
57906_000718_Sideline_344,H22,1,1,1,1
57906_000718_Sideline_345,H22,1,1,1,1
57906_000718_Sideline_346,H22,1,1,1,1
57906_000718_Sideline_347,H22,1,1,1,1
57906_000718_Sideline_348,H22,1,1,1,1
57906_000718_Sideline_349,H22,1,1,1,1
57906_000718_Sideline_350,H22,1,1,1,1
57906_000718_Sideline_351,H22,1,1,1,1
57906_000718_Sideline_352,H22,1,1,1,1
57906_000718_Sideline_353,H22,1,1,1,1
57906_000718_Sideline_354,H22,1,1,1,1
57906_000718_Sideline_355,H22,1,1,1,1
57906_000718_Sideline_356,H22,1,1,1,1
57906_000718_Sideline_357,H22,1,1,1,1
57906_000718_Sideline_358,H22,1,1,1,1
57906_000718_Sideline_359,H22,1,1,1,1
57906_000718_Sideline_360,H22,1,1,1,1
57906_000718_Sideline_361,H22,1,1,1,1
57906_000718_Sideline_362,H22,1,1,1,1
57906_000718_Sideline_363,H22,1,1,1,1
57906_000718_Sideline_364,H22,1,1,1,1
57906_000718_Sideline_365,H22,1,1,1,1
57906_000718_Sideline_366,H22,1,1,1,1
57906_000718_Sideline_367,H22,1,1,1,1
57906_000718_Sideline_368,H22,1,1,1,1
57906_000718_Sideline_369,H22,1,1,1,1
57906_000718_Sideline_370,H22,1,1,1,1
57906_000718_Sideline_371,H22,1,1,1,1
57906_000718_Sideline_372,H22,1,1,1,1
57906_000718_Sideline_373,H22,1,1,1,1
57906_000718_Sideline_374,H22,1,1,1,1
57906_000718_Sideline_375,H22,1,1,1,1
57906_000718_Sideline_376,H22,1,1,1,1
57906_000718_Sideline_377,H22,1,1,1,1
57906_000718_Sideline_378,H22,1,1,1,1
57906_000718_Sideline_379,H22,1,1,1,1
57906_000718_Sideline_380,H22,1,1,1,1
57906_000718_Sideline_381,H22,1,1,1,1
57906_000718_Sideline_382,H22,1,1,1,1
57906_000718_Sideline_383,H22,1,1,1,1
57906_000718_Sideline_384,H22,1,1,1,1
57906_000718_Sideline_385,H22,1,1,1,1
57906_000718_Sideline_386,H22,1,1,1,1
57906_000718_Sideline_387,H22,1,1,1,1
57906_000718_Sideline_388,H22,1,1,1,1
57906_000718_Sideline_389,H22,1,1,1,1
57906_000718_Sideline_390,H22,1,1,1,1
57906_000718_Sideline_391,H22,1,1,1,1
57906_000718_Sideline_392,H22,1,1,1,1
57906_000718_Sideline_393,H22,1,1,1,1
57906_000718_Sideline_394,H22,1,1,1,1
57906_000718_Sideline_395,H22,1,1,1,1
57906_000718_Sideline_396,H22,1,1,1,1
57906_000718_Sideline_397,H22,1,1,1,1
57906_000718_Sideline_398,H22,1,1,1,1
57906_000718_Sideline_399,H22,1,1,1,1
57906_000718_Sideline_400,H22,1,1,1,1
57906_000718_Sideline_401,H22,1,1,1,1
57906_000718_Sideline_402,H22,1,1,1,1
57906_000718_Sideline_403,H22,1,1,1,1
57906_000718_Sideline_404,H22,1,1,1,1
57906_000718_Sideline_405,H22,1,1,1,1
57906_000718_Sideline_406,H22,1,1,1,1
57906_000718_Sideline_407,H22,1,1,1,1
57906_000718_Sideline_408,H22,1,1,1,1
57906_000718_Sideline_409,H22,1,1,1,1
57906_000718_Sideline_410,H22,1,1,1,1
57906_000718_Sideline_411,H22,1,1,1,1
57906_000718_Sideline_412,H22,1,1,1,1
57906_000718_Sideline_413,H22,1,1,1,1
57906_000718_Sideline_414,H22,1,1,1,1
57906_000718_Sideline_415,H22,1,1,1,1
57906_000718_Sideline_416,H22,1,1,1,1
57906_000718_Sideline_417,H22,1,1,1,1
57906_000718_Sideline_418,H22,1,1,1,1
57906_000718_Sideline_419,H22,1,1,1,1
57906_000718_Sideline_420,H22,1,1,1,1
57906_000718_Sideline_421,H22,1,1,1,1
57906_000718_Sideline_422,H22,1,1,1,1
57906_000718_Sideline_423,H22,1,1,1,1
57906_000718_Sideline_424,H22,1,1,1,1
57906_000718_Sideline_425,H22,1,1,1,1
57906_000718_Sideline_426,H22,1,1,1,1
57906_000718_Sideline_427,H22,1,1,1,1
57906_000718_Sideline_428,H22,1,1,1,1
57906_000718_Sideline_429,H22,1,1,1,1
57906_000718_Sideline_430,H22,1,1,1,1
57906_000718_Sideline_431,H22,1,1,1,1
57906_000718_Sideline_432,H22,1,1,1,1
57906_000718_Sideline_433,H22,1,1,1,1
57906_000718_Sideline_434,H22,1,1,1,1
57906_000718_Sideline_435,H22,1,1,1,1
57906_000718_Sideline_436,H22,1,1,1,1
57906_000718_Sideline_437,H22,1,1,1,1
57906_000718_Sideline_438,H22,1,1,1,1
57906_000718_Sideline_439,H22,1,1,1,1
57906_000718_Sideline_440,H22,1,1,1,1
57995_000109_Endzone_1,H22,1,1,1,1
57995_000109_Endzone_2,H22,1,1,1,1
57995_000109_Endzone_3,H22,1,1,1,1
57995_000109_Endzone_4,H22,1,1,1,1
57995_000109_Endzone_5,H22,1,1,1,1
57995_000109_Endzone_6,H22,1,1,1,1
57995_000109_Endzone_7,H22,1,1,1,1
57995_000109_Endzone_8,H22,1,1,1,1
57995_000109_Endzone_9,H22,1,1,1,1
57995_000109_Endzone_10,H22,1,1,1,1
57995_000109_Endzone_11,H22,1,1,1,1
57995_000109_Endzone_12,H22,1,1,1,1
57995_000109_Endzone_13,H22,1,1,1,1
57995_000109_Endzone_14,H22,1,1,1,1
57995_000109_Endzone_15,H22,1,1,1,1
57995_000109_Endzone_16,H22,1,1,1,1
57995_000109_Endzone_17,H22,1,1,1,1
57995_000109_Endzone_18,H22,1,1,1,1
57995_000109_Endzone_19,H22,1,1,1,1
57995_000109_Endzone_20,H22,1,1,1,1
57995_000109_Endzone_21,H22,1,1,1,1
57995_000109_Endzone_22,H22,1,1,1,1
57995_000109_Endzone_23,H22,1,1,1,1
57995_000109_Endzone_24,H22,1,1,1,1
57995_000109_Endzone_25,H22,1,1,1,1
57995_000109_Endzone_26,H22,1,1,1,1
57995_000109_Endzone_27,H22,1,1,1,1
57995_000109_Endzone_28,H22,1,1,1,1
57995_000109_Endzone_29,H22,1,1,1,1
57995_000109_Endzone_30,H22,1,1,1,1
57995_000109_Endzone_31,H22,1,1,1,1
57995_000109_Endzone_32,H22,1,1,1,1
57995_000109_Endzone_33,H22,1,1,1,1
57995_000109_Endzone_34,H22,1,1,1,1
57995_000109_Endzone_35,H22,1,1,1,1
57995_000109_Endzone_36,H22,1,1,1,1
57995_000109_Endzone_37,H22,1,1,1,1
57995_000109_Endzone_38,H22,1,1,1,1
57995_000109_Endzone_39,H22,1,1,1,1
57995_000109_Endzone_40,H22,1,1,1,1
57995_000109_Endzone_41,H22,1,1,1,1
57995_000109_Endzone_42,H22,1,1,1,1
57995_000109_Endzone_43,H22,1,1,1,1
57995_000109_Endzone_44,H22,1,1,1,1
57995_000109_Endzone_45,H22,1,1,1,1
57995_000109_Endzone_46,H22,1,1,1,1
57995_000109_Endzone_47,H22,1,1,1,1
57995_000109_Endzone_48,H22,1,1,1,1
57995_000109_Endzone_49,H22,1,1,1,1
57995_000109_Endzone_50,H22,1,1,1,1
57995_000109_Endzone_51,H22,1,1,1,1
57995_000109_Endzone_52,H22,1,1,1,1
57995_000109_Endzone_53,H22,1,1,1,1
57995_000109_Endzone_54,H22,1,1,1,1
57995_000109_Endzone_55,H22,1,1,1,1
57995_000109_Endzone_56,H22,1,1,1,1
57995_000109_Endzone_57,H22,1,1,1,1
57995_000109_Endzone_58,H22,1,1,1,1
57995_000109_Endzone_59,H22,1,1,1,1
57995_000109_Endzone_60,H22,1,1,1,1
57995_000109_Endzone_61,H22,1,1,1,1
57995_000109_Endzone_62,H22,1,1,1,1
57995_000109_Endzone_63,H22,1,1,1,1
57995_000109_Endzone_64,H22,1,1,1,1
57995_000109_Endzone_65,H22,1,1,1,1
57995_000109_Endzone_66,H22,1,1,1,1
57995_000109_Endzone_67,H22,1,1,1,1
57995_000109_Endzone_68,H22,1,1,1,1
57995_000109_Endzone_69,H22,1,1,1,1
57995_000109_Endzone_70,H22,1,1,1,1
57995_000109_Endzone_71,H22,1,1,1,1
57995_000109_Endzone_72,H22,1,1,1,1
57995_000109_Endzone_73,H22,1,1,1,1
57995_000109_Endzone_74,H22,1,1,1,1
57995_000109_Endzone_75,H22,1,1,1,1
57995_000109_Endzone_76,H22,1,1,1,1
57995_000109_Endzone_77,H22,1,1,1,1
57995_000109_Endzone_78,H22,1,1,1,1
57995_000109_Endzone_79,H22,1,1,1,1
57995_000109_Endzone_80,H22,1,1,1,1
57995_000109_Endzone_81,H22,1,1,1,1
57995_000109_Endzone_82,H22,1,1,1,1
57995_000109_Endzone_83,H22,1,1,1,1
57995_000109_Endzone_84,H22,1,1,1,1
57995_000109_Endzone_85,H22,1,1,1,1
57995_000109_Endzone_86,H22,1,1,1,1
57995_000109_Endzone_87,H22,1,1,1,1
57995_000109_Endzone_88,H22,1,1,1,1
57995_000109_Endzone_89,H22,1,1,1,1
57995_000109_Endzone_90,H22,1,1,1,1
57995_000109_Endzone_91,H22,1,1,1,1
57995_000109_Endzone_92,H22,1,1,1,1
57995_000109_Endzone_93,H22,1,1,1,1
57995_000109_Endzone_94,H22,1,1,1,1
57995_000109_Endzone_95,H22,1,1,1,1
57995_000109_Endzone_96,H22,1,1,1,1
57995_000109_Endzone_97,H22,1,1,1,1
57995_000109_Endzone_98,H22,1,1,1,1
57995_000109_Endzone_99,H22,1,1,1,1
57995_000109_Endzone_100,H22,1,1,1,1
57995_000109_Endzone_101,H22,1,1,1,1
57995_000109_Endzone_102,H22,1,1,1,1
57995_000109_Endzone_103,H22,1,1,1,1
57995_000109_Endzone_104,H22,1,1,1,1
57995_000109_Endzone_105,H22,1,1,1,1
57995_000109_Endzone_106,H22,1,1,1,1
57995_000109_Endzone_107,H22,1,1,1,1
57995_000109_Endzone_108,H22,1,1,1,1
57995_000109_Endzone_109,H22,1,1,1,1
57995_000109_Endzone_110,H22,1,1,1,1
57995_000109_Endzone_111,H22,1,1,1,1
57995_000109_Endzone_112,H22,1,1,1,1
57995_000109_Endzone_113,H22,1,1,1,1
57995_000109_Endzone_114,H22,1,1,1,1
57995_000109_Endzone_115,H22,1,1,1,1
57995_000109_Endzone_116,H22,1,1,1,1
57995_000109_Endzone_117,H22,1,1,1,1
57995_000109_Endzone_118,H22,1,1,1,1
57995_000109_Endzone_119,H22,1,1,1,1
57995_000109_Endzone_120,H22,1,1,1,1
57995_000109_Endzone_121,H22,1,1,1,1
57995_000109_Endzone_122,H22,1,1,1,1
57995_000109_Endzone_123,H22,1,1,1,1
57995_000109_Endzone_124,H22,1,1,1,1
57995_000109_Endzone_125,H22,1,1,1,1
57995_000109_Endzone_126,H22,1,1,1,1
57995_000109_Endzone_127,H22,1,1,1,1
57995_000109_Endzone_128,H22,1,1,1,1
57995_000109_Endzone_129,H22,1,1,1,1
57995_000109_Endzone_130,H22,1,1,1,1
57995_000109_Endzone_131,H22,1,1,1,1
57995_000109_Endzone_132,H22,1,1,1,1
57995_000109_Endzone_133,H22,1,1,1,1
57995_000109_Endzone_134,H22,1,1,1,1
57995_000109_Endzone_135,H22,1,1,1,1
57995_000109_Endzone_136,H22,1,1,1,1
57995_000109_Endzone_137,H22,1,1,1,1
57995_000109_Endzone_138,H22,1,1,1,1
57995_000109_Endzone_139,H22,1,1,1,1
57995_000109_Endzone_140,H22,1,1,1,1
57995_000109_Endzone_141,H22,1,1,1,1
57995_000109_Endzone_142,H22,1,1,1,1
57995_000109_Endzone_143,H22,1,1,1,1
57995_000109_Endzone_144,H22,1,1,1,1
57995_000109_Endzone_145,H22,1,1,1,1
57995_000109_Endzone_146,H22,1,1,1,1
57995_000109_Endzone_147,H22,1,1,1,1
57995_000109_Endzone_148,H22,1,1,1,1
57995_000109_Endzone_149,H22,1,1,1,1
57995_000109_Endzone_150,H22,1,1,1,1
57995_000109_Endzone_151,H22,1,1,1,1
57995_000109_Endzone_152,H22,1,1,1,1
57995_000109_Endzone_153,H22,1,1,1,1
57995_000109_Endzone_154,H22,1,1,1,1
57995_000109_Endzone_155,H22,1,1,1,1
57995_000109_Endzone_156,H22,1,1,1,1
57995_000109_Endzone_157,H22,1,1,1,1
57995_000109_Endzone_158,H22,1,1,1,1
57995_000109_Endzone_159,H22,1,1,1,1
57995_000109_Endzone_160,H22,1,1,1,1
57995_000109_Endzone_161,H22,1,1,1,1
57995_000109_Endzone_162,H22,1,1,1,1
57995_000109_Endzone_163,H22,1,1,1,1
57995_000109_Endzone_164,H22,1,1,1,1
57995_000109_Endzone_165,H22,1,1,1,1
57995_000109_Endzone_166,H22,1,1,1,1
57995_000109_Endzone_167,H22,1,1,1,1
57995_000109_Endzone_168,H22,1,1,1,1
57995_000109_Endzone_169,H22,1,1,1,1
57995_000109_Endzone_170,H22,1,1,1,1
57995_000109_Endzone_171,H22,1,1,1,1
57995_000109_Endzone_172,H22,1,1,1,1
57995_000109_Endzone_173,H22,1,1,1,1
57995_000109_Endzone_174,H22,1,1,1,1
57995_000109_Endzone_175,H22,1,1,1,1
57995_000109_Endzone_176,H22,1,1,1,1
57995_000109_Endzone_177,H22,1,1,1,1
57995_000109_Endzone_178,H22,1,1,1,1
57995_000109_Endzone_179,H22,1,1,1,1
57995_000109_Endzone_180,H22,1,1,1,1
57995_000109_Endzone_181,H22,1,1,1,1
57995_000109_Endzone_182,H22,1,1,1,1
57995_000109_Endzone_183,H22,1,1,1,1
57995_000109_Endzone_184,H22,1,1,1,1
57995_000109_Endzone_185,H22,1,1,1,1
57995_000109_Endzone_186,H22,1,1,1,1
57995_000109_Endzone_187,H22,1,1,1,1
57995_000109_Endzone_188,H22,1,1,1,1
57995_000109_Endzone_189,H22,1,1,1,1
57995_000109_Endzone_190,H22,1,1,1,1
57995_000109_Endzone_191,H22,1,1,1,1
57995_000109_Endzone_192,H22,1,1,1,1
57995_000109_Endzone_193,H22,1,1,1,1
57995_000109_Endzone_194,H22,1,1,1,1
57995_000109_Endzone_195,H22,1,1,1,1
57995_000109_Endzone_196,H22,1,1,1,1
57995_000109_Endzone_197,H22,1,1,1,1
57995_000109_Endzone_198,H22,1,1,1,1
57995_000109_Endzone_199,H22,1,1,1,1
57995_000109_Endzone_200,H22,1,1,1,1
57995_000109_Endzone_201,H22,1,1,1,1
57995_000109_Endzone_202,H22,1,1,1,1
57995_000109_Endzone_203,H22,1,1,1,1
57995_000109_Endzone_204,H22,1,1,1,1
57995_000109_Endzone_205,H22,1,1,1,1
57995_000109_Endzone_206,H22,1,1,1,1
57995_000109_Endzone_207,H22,1,1,1,1
57995_000109_Endzone_208,H22,1,1,1,1
57995_000109_Endzone_209,H22,1,1,1,1
57995_000109_Endzone_210,H22,1,1,1,1
57995_000109_Endzone_211,H22,1,1,1,1
57995_000109_Endzone_212,H22,1,1,1,1
57995_000109_Endzone_213,H22,1,1,1,1
57995_000109_Endzone_214,H22,1,1,1,1
57995_000109_Endzone_215,H22,1,1,1,1
57995_000109_Endzone_216,H22,1,1,1,1
57995_000109_Endzone_217,H22,1,1,1,1
57995_000109_Endzone_218,H22,1,1,1,1
57995_000109_Endzone_219,H22,1,1,1,1
57995_000109_Endzone_220,H22,1,1,1,1
57995_000109_Endzone_221,H22,1,1,1,1
57995_000109_Endzone_222,H22,1,1,1,1
57995_000109_Endzone_223,H22,1,1,1,1
57995_000109_Endzone_224,H22,1,1,1,1
57995_000109_Endzone_225,H22,1,1,1,1
57995_000109_Endzone_226,H22,1,1,1,1
57995_000109_Endzone_227,H22,1,1,1,1
57995_000109_Endzone_228,H22,1,1,1,1
57995_000109_Endzone_229,H22,1,1,1,1
57995_000109_Endzone_230,H22,1,1,1,1
57995_000109_Endzone_231,H22,1,1,1,1
57995_000109_Endzone_232,H22,1,1,1,1
57995_000109_Endzone_233,H22,1,1,1,1
57995_000109_Endzone_234,H22,1,1,1,1
57995_000109_Endzone_235,H22,1,1,1,1
57995_000109_Endzone_236,H22,1,1,1,1
57995_000109_Endzone_237,H22,1,1,1,1
57995_000109_Endzone_238,H22,1,1,1,1
57995_000109_Endzone_239,H22,1,1,1,1
57995_000109_Endzone_240,H22,1,1,1,1
57995_000109_Endzone_241,H22,1,1,1,1
57995_000109_Endzone_242,H22,1,1,1,1
57995_000109_Endzone_243,H22,1,1,1,1
57995_000109_Endzone_244,H22,1,1,1,1
57995_000109_Endzone_245,H22,1,1,1,1
57995_000109_Endzone_246,H22,1,1,1,1
57995_000109_Endzone_247,H22,1,1,1,1
57995_000109_Endzone_248,H22,1,1,1,1
57995_000109_Endzone_249,H22,1,1,1,1
57995_000109_Endzone_250,H22,1,1,1,1
57995_000109_Endzone_251,H22,1,1,1,1
57995_000109_Endzone_252,H22,1,1,1,1
57995_000109_Endzone_253,H22,1,1,1,1
57995_000109_Endzone_254,H22,1,1,1,1
57995_000109_Endzone_255,H22,1,1,1,1
57995_000109_Endzone_256,H22,1,1,1,1
57995_000109_Endzone_257,H22,1,1,1,1
57995_000109_Endzone_258,H22,1,1,1,1
57995_000109_Endzone_259,H22,1,1,1,1
57995_000109_Endzone_260,H22,1,1,1,1
57995_000109_Endzone_261,H22,1,1,1,1
57995_000109_Endzone_262,H22,1,1,1,1
57995_000109_Endzone_263,H22,1,1,1,1
57995_000109_Endzone_264,H22,1,1,1,1
57995_000109_Endzone_265,H22,1,1,1,1
57995_000109_Endzone_266,H22,1,1,1,1
57995_000109_Endzone_267,H22,1,1,1,1
57995_000109_Endzone_268,H22,1,1,1,1
57995_000109_Endzone_269,H22,1,1,1,1
57995_000109_Endzone_270,H22,1,1,1,1
57995_000109_Endzone_271,H22,1,1,1,1
57995_000109_Endzone_272,H22,1,1,1,1
57995_000109_Endzone_273,H22,1,1,1,1
57995_000109_Endzone_274,H22,1,1,1,1
57995_000109_Endzone_275,H22,1,1,1,1
57995_000109_Endzone_276,H22,1,1,1,1
57995_000109_Endzone_277,H22,1,1,1,1
57995_000109_Endzone_278,H22,1,1,1,1
57995_000109_Endzone_279,H22,1,1,1,1
57995_000109_Endzone_280,H22,1,1,1,1
57995_000109_Endzone_281,H22,1,1,1,1
57995_000109_Endzone_282,H22,1,1,1,1
57995_000109_Endzone_283,H22,1,1,1,1
57995_000109_Endzone_284,H22,1,1,1,1
57995_000109_Endzone_285,H22,1,1,1,1
57995_000109_Endzone_286,H22,1,1,1,1
57995_000109_Endzone_287,H22,1,1,1,1
57995_000109_Endzone_288,H22,1,1,1,1
57995_000109_Endzone_289,H22,1,1,1,1
57995_000109_Endzone_290,H22,1,1,1,1
57995_000109_Endzone_291,H22,1,1,1,1
57995_000109_Endzone_292,H22,1,1,1,1
57995_000109_Endzone_293,H22,1,1,1,1
57995_000109_Endzone_294,H22,1,1,1,1
57995_000109_Endzone_295,H22,1,1,1,1
57995_000109_Endzone_296,H22,1,1,1,1
57995_000109_Endzone_297,H22,1,1,1,1
57995_000109_Endzone_298,H22,1,1,1,1
57995_000109_Endzone_299,H22,1,1,1,1
57995_000109_Endzone_300,H22,1,1,1,1
57995_000109_Endzone_301,H22,1,1,1,1
57995_000109_Endzone_302,H22,1,1,1,1
57995_000109_Endzone_303,H22,1,1,1,1
57995_000109_Endzone_304,H22,1,1,1,1
57995_000109_Endzone_305,H22,1,1,1,1
57995_000109_Endzone_306,H22,1,1,1,1
57995_000109_Endzone_307,H22,1,1,1,1
57995_000109_Endzone_308,H22,1,1,1,1
57995_000109_Endzone_309,H22,1,1,1,1
57995_000109_Endzone_310,H22,1,1,1,1
57995_000109_Endzone_311,H22,1,1,1,1
57995_000109_Endzone_312,H22,1,1,1,1
57995_000109_Endzone_313,H22,1,1,1,1
57995_000109_Endzone_314,H22,1,1,1,1
57995_000109_Endzone_315,H22,1,1,1,1
57995_000109_Endzone_316,H22,1,1,1,1
57995_000109_Endzone_317,H22,1,1,1,1
57995_000109_Endzone_318,H22,1,1,1,1
57995_000109_Endzone_319,H22,1,1,1,1
57995_000109_Endzone_320,H22,1,1,1,1
57995_000109_Endzone_321,H22,1,1,1,1
57995_000109_Endzone_322,H22,1,1,1,1
57995_000109_Endzone_323,H22,1,1,1,1
57995_000109_Endzone_324,H22,1,1,1,1
57995_000109_Endzone_325,H22,1,1,1,1
57995_000109_Endzone_326,H22,1,1,1,1
57995_000109_Endzone_327,H22,1,1,1,1
57995_000109_Endzone_328,H22,1,1,1,1
57995_000109_Endzone_329,H22,1,1,1,1
57995_000109_Endzone_330,H22,1,1,1,1
57995_000109_Endzone_331,H22,1,1,1,1
57995_000109_Endzone_332,H22,1,1,1,1
57995_000109_Endzone_333,H22,1,1,1,1
57995_000109_Endzone_334,H22,1,1,1,1
57995_000109_Endzone_335,H22,1,1,1,1
57995_000109_Endzone_336,H22,1,1,1,1
57995_000109_Endzone_337,H22,1,1,1,1
57995_000109_Endzone_338,H22,1,1,1,1
57995_000109_Endzone_339,H22,1,1,1,1
57995_000109_Endzone_340,H22,1,1,1,1
57995_000109_Endzone_341,H22,1,1,1,1
57995_000109_Endzone_342,H22,1,1,1,1
57995_000109_Endzone_343,H22,1,1,1,1
57995_000109_Endzone_344,H22,1,1,1,1
57995_000109_Endzone_345,H22,1,1,1,1
57995_000109_Endzone_346,H22,1,1,1,1
57995_000109_Endzone_347,H22,1,1,1,1
57995_000109_Endzone_348,H22,1,1,1,1
57995_000109_Endzone_349,H22,1,1,1,1
57995_000109_Endzone_350,H22,1,1,1,1
57995_000109_Endzone_351,H22,1,1,1,1
57995_000109_Endzone_352,H22,1,1,1,1
57995_000109_Endzone_353,H22,1,1,1,1
57995_000109_Endzone_354,H22,1,1,1,1
57995_000109_Endzone_355,H22,1,1,1,1
57995_000109_Endzone_356,H22,1,1,1,1
57995_000109_Endzone_357,H22,1,1,1,1
57995_000109_Endzone_358,H22,1,1,1,1
57995_000109_Endzone_359,H22,1,1,1,1
57995_000109_Endzone_360,H22,1,1,1,1
57995_000109_Endzone_361,H22,1,1,1,1
57995_000109_Endzone_362,H22,1,1,1,1
57995_000109_Endzone_363,H22,1,1,1,1
57995_000109_Endzone_364,H22,1,1,1,1
57995_000109_Endzone_365,H22,1,1,1,1
57995_000109_Endzone_366,H22,1,1,1,1
57995_000109_Endzone_367,H22,1,1,1,1
57995_000109_Endzone_368,H22,1,1,1,1
57995_000109_Endzone_369,H22,1,1,1,1
57995_000109_Endzone_370,H22,1,1,1,1
57995_000109_Endzone_371,H22,1,1,1,1
57995_000109_Endzone_372,H22,1,1,1,1
57995_000109_Endzone_373,H22,1,1,1,1
57995_000109_Endzone_374,H22,1,1,1,1
57995_000109_Endzone_375,H22,1,1,1,1
57995_000109_Endzone_376,H22,1,1,1,1
57995_000109_Endzone_377,H22,1,1,1,1
57995_000109_Endzone_378,H22,1,1,1,1
57995_000109_Endzone_379,H22,1,1,1,1
57995_000109_Endzone_380,H22,1,1,1,1
57995_000109_Endzone_381,H22,1,1,1,1
57995_000109_Endzone_382,H22,1,1,1,1
57995_000109_Endzone_383,H22,1,1,1,1
57995_000109_Endzone_384,H22,1,1,1,1
57995_000109_Endzone_385,H22,1,1,1,1
57995_000109_Endzone_386,H22,1,1,1,1
57995_000109_Endzone_387,H22,1,1,1,1
57995_000109_Endzone_388,H22,1,1,1,1
57995_000109_Endzone_389,H22,1,1,1,1
57995_000109_Endzone_390,H22,1,1,1,1
57995_000109_Endzone_391,H22,1,1,1,1
57995_000109_Endzone_392,H22,1,1,1,1
57995_000109_Endzone_393,H22,1,1,1,1
57995_000109_Endzone_394,H22,1,1,1,1
57995_000109_Endzone_395,H22,1,1,1,1
57995_000109_Endzone_396,H22,1,1,1,1
57995_000109_Endzone_397,H22,1,1,1,1
57995_000109_Endzone_398,H22,1,1,1,1
57995_000109_Endzone_399,H22,1,1,1,1
57995_000109_Endzone_400,H22,1,1,1,1
57995_000109_Endzone_401,H22,1,1,1,1
57995_000109_Endzone_402,H22,1,1,1,1
57995_000109_Endzone_403,H22,1,1,1,1
57995_000109_Endzone_404,H22,1,1,1,1
57995_000109_Endzone_405,H22,1,1,1,1
57995_000109_Endzone_406,H22,1,1,1,1
57995_000109_Endzone_407,H22,1,1,1,1
57995_000109_Endzone_408,H22,1,1,1,1
57995_000109_Endzone_409,H22,1,1,1,1
57995_000109_Endzone_410,H22,1,1,1,1
57995_000109_Endzone_411,H22,1,1,1,1
57995_000109_Endzone_412,H22,1,1,1,1
57995_000109_Endzone_413,H22,1,1,1,1
57995_000109_Endzone_414,H22,1,1,1,1
57995_000109_Endzone_415,H22,1,1,1,1
57995_000109_Endzone_416,H22,1,1,1,1
57995_000109_Endzone_417,H22,1,1,1,1
57995_000109_Endzone_418,H22,1,1,1,1
57995_000109_Endzone_419,H22,1,1,1,1
57995_000109_Endzone_420,H22,1,1,1,1
57995_000109_Endzone_421,H22,1,1,1,1
57995_000109_Endzone_422,H22,1,1,1,1
57995_000109_Endzone_423,H22,1,1,1,1
57995_000109_Endzone_424,H22,1,1,1,1
57995_000109_Endzone_425,H22,1,1,1,1
57995_000109_Endzone_426,H22,1,1,1,1
57995_000109_Endzone_427,H22,1,1,1,1
57995_000109_Endzone_428,H22,1,1,1,1
57995_000109_Endzone_429,H22,1,1,1,1
57995_000109_Endzone_430,H22,1,1,1,1
57995_000109_Endzone_431,H22,1,1,1,1
57995_000109_Endzone_432,H22,1,1,1,1
57995_000109_Endzone_433,H22,1,1,1,1
57995_000109_Endzone_434,H22,1,1,1,1
57995_000109_Endzone_435,H22,1,1,1,1
57995_000109_Endzone_436,H22,1,1,1,1
57995_000109_Endzone_437,H22,1,1,1,1
57995_000109_Endzone_438,H22,1,1,1,1
57995_000109_Endzone_439,H22,1,1,1,1
57995_000109_Endzone_440,H22,1,1,1,1
57995_000109_Endzone_441,H22,1,1,1,1
57995_000109_Endzone_442,H22,1,1,1,1
57995_000109_Endzone_443,H22,1,1,1,1
57995_000109_Endzone_444,H22,1,1,1,1
57995_000109_Endzone_445,H22,1,1,1,1
57995_000109_Endzone_446,H22,1,1,1,1
57995_000109_Endzone_447,H22,1,1,1,1
57995_000109_Endzone_448,H22,1,1,1,1
57995_000109_Endzone_449,H22,1,1,1,1
57995_000109_Endzone_450,H22,1,1,1,1
57995_000109_Endzone_451,H22,1,1,1,1
57995_000109_Endzone_452,H22,1,1,1,1
57995_000109_Endzone_453,H22,1,1,1,1
57995_000109_Endzone_454,H22,1,1,1,1
57995_000109_Endzone_455,H22,1,1,1,1
57995_000109_Endzone_456,H22,1,1,1,1
57995_000109_Endzone_457,H22,1,1,1,1
57995_000109_Endzone_458,H22,1,1,1,1
57995_000109_Endzone_459,H22,1,1,1,1
57995_000109_Endzone_460,H22,1,1,1,1
57995_000109_Endzone_461,H22,1,1,1,1
57995_000109_Endzone_462,H22,1,1,1,1
57995_000109_Endzone_463,H22,1,1,1,1
57995_000109_Endzone_464,H22,1,1,1,1
57995_000109_Endzone_465,H22,1,1,1,1
57995_000109_Endzone_466,H22,1,1,1,1
57995_000109_Endzone_467,H22,1,1,1,1
57995_000109_Endzone_468,H22,1,1,1,1
57995_000109_Endzone_469,H22,1,1,1,1
57995_000109_Endzone_470,H22,1,1,1,1
57995_000109_Endzone_471,H22,1,1,1,1
57995_000109_Endzone_472,H22,1,1,1,1
57995_000109_Endzone_473,H22,1,1,1,1
57995_000109_Endzone_474,H22,1,1,1,1
57995_000109_Endzone_475,H22,1,1,1,1
57995_000109_Endzone_476,H22,1,1,1,1
57995_000109_Endzone_477,H22,1,1,1,1
57995_000109_Endzone_478,H22,1,1,1,1
57995_000109_Endzone_479,H22,1,1,1,1
57995_000109_Endzone_480,H22,1,1,1,1
57995_000109_Endzone_481,H22,1,1,1,1
57995_000109_Endzone_482,H22,1,1,1,1
57995_000109_Endzone_483,H22,1,1,1,1
57995_000109_Endzone_484,H22,1,1,1,1
57995_000109_Endzone_485,H22,1,1,1,1
57995_000109_Endzone_486,H22,1,1,1,1
57995_000109_Endzone_487,H22,1,1,1,1
57995_000109_Endzone_488,H22,1,1,1,1
57995_000109_Endzone_489,H22,1,1,1,1
57995_000109_Endzone_490,H22,1,1,1,1
57995_000109_Endzone_491,H22,1,1,1,1
57995_000109_Endzone_492,H22,1,1,1,1
57995_000109_Endzone_493,H22,1,1,1,1
57995_000109_Endzone_494,H22,1,1,1,1
57995_000109_Endzone_495,H22,1,1,1,1
57995_000109_Endzone_496,H22,1,1,1,1
57995_000109_Endzone_497,H22,1,1,1,1
57995_000109_Endzone_498,H22,1,1,1,1
57995_000109_Endzone_499,H22,1,1,1,1
57995_000109_Endzone_500,H22,1,1,1,1
57995_000109_Endzone_501,H22,1,1,1,1
57995_000109_Endzone_502,H22,1,1,1,1
57995_000109_Endzone_503,H22,1,1,1,1
57995_000109_Endzone_504,H22,1,1,1,1
57995_000109_Endzone_505,H22,1,1,1,1
57995_000109_Endzone_506,H22,1,1,1,1
57995_000109_Endzone_507,H22,1,1,1,1
57995_000109_Endzone_508,H22,1,1,1,1
57995_000109_Endzone_509,H22,1,1,1,1
57995_000109_Endzone_510,H22,1,1,1,1
57995_000109_Endzone_511,H22,1,1,1,1
57995_000109_Endzone_512,H22,1,1,1,1
57995_000109_Endzone_513,H22,1,1,1,1
57995_000109_Endzone_514,H22,1,1,1,1
57995_000109_Endzone_515,H22,1,1,1,1
57995_000109_Endzone_516,H22,1,1,1,1
57995_000109_Endzone_517,H22,1,1,1,1
57995_000109_Endzone_518,H22,1,1,1,1
57995_000109_Endzone_519,H22,1,1,1,1
57995_000109_Endzone_520,H22,1,1,1,1
57995_000109_Endzone_521,H22,1,1,1,1
57995_000109_Endzone_522,H22,1,1,1,1
57995_000109_Endzone_523,H22,1,1,1,1
57995_000109_Endzone_524,H22,1,1,1,1
57995_000109_Endzone_525,H22,1,1,1,1
57995_000109_Endzone_526,H22,1,1,1,1
57995_000109_Endzone_527,H22,1,1,1,1
57995_000109_Endzone_528,H22,1,1,1,1
57995_000109_Endzone_529,H22,1,1,1,1
57995_000109_Sideline_1,H22,1,1,1,1
57995_000109_Sideline_2,H22,1,1,1,1
57995_000109_Sideline_3,H22,1,1,1,1
57995_000109_Sideline_4,H22,1,1,1,1
57995_000109_Sideline_5,H22,1,1,1,1
57995_000109_Sideline_6,H22,1,1,1,1
57995_000109_Sideline_7,H22,1,1,1,1
57995_000109_Sideline_8,H22,1,1,1,1
57995_000109_Sideline_9,H22,1,1,1,1
57995_000109_Sideline_10,H22,1,1,1,1
57995_000109_Sideline_11,H22,1,1,1,1
57995_000109_Sideline_12,H22,1,1,1,1
57995_000109_Sideline_13,H22,1,1,1,1
57995_000109_Sideline_14,H22,1,1,1,1
57995_000109_Sideline_15,H22,1,1,1,1
57995_000109_Sideline_16,H22,1,1,1,1
57995_000109_Sideline_17,H22,1,1,1,1
57995_000109_Sideline_18,H22,1,1,1,1
57995_000109_Sideline_19,H22,1,1,1,1
57995_000109_Sideline_20,H22,1,1,1,1
57995_000109_Sideline_21,H22,1,1,1,1
57995_000109_Sideline_22,H22,1,1,1,1
57995_000109_Sideline_23,H22,1,1,1,1
57995_000109_Sideline_24,H22,1,1,1,1
57995_000109_Sideline_25,H22,1,1,1,1
57995_000109_Sideline_26,H22,1,1,1,1
57995_000109_Sideline_27,H22,1,1,1,1
57995_000109_Sideline_28,H22,1,1,1,1
57995_000109_Sideline_29,H22,1,1,1,1
57995_000109_Sideline_30,H22,1,1,1,1
57995_000109_Sideline_31,H22,1,1,1,1
57995_000109_Sideline_32,H22,1,1,1,1
57995_000109_Sideline_33,H22,1,1,1,1
57995_000109_Sideline_34,H22,1,1,1,1
57995_000109_Sideline_35,H22,1,1,1,1
57995_000109_Sideline_36,H22,1,1,1,1
57995_000109_Sideline_37,H22,1,1,1,1
57995_000109_Sideline_38,H22,1,1,1,1
57995_000109_Sideline_39,H22,1,1,1,1
57995_000109_Sideline_40,H22,1,1,1,1
57995_000109_Sideline_41,H22,1,1,1,1
57995_000109_Sideline_42,H22,1,1,1,1
57995_000109_Sideline_43,H22,1,1,1,1
57995_000109_Sideline_44,H22,1,1,1,1
57995_000109_Sideline_45,H22,1,1,1,1
57995_000109_Sideline_46,H22,1,1,1,1
57995_000109_Sideline_47,H22,1,1,1,1
57995_000109_Sideline_48,H22,1,1,1,1
57995_000109_Sideline_49,H22,1,1,1,1
57995_000109_Sideline_50,H22,1,1,1,1
57995_000109_Sideline_51,H22,1,1,1,1
57995_000109_Sideline_52,H22,1,1,1,1
57995_000109_Sideline_53,H22,1,1,1,1
57995_000109_Sideline_54,H22,1,1,1,1
57995_000109_Sideline_55,H22,1,1,1,1
57995_000109_Sideline_56,H22,1,1,1,1
57995_000109_Sideline_57,H22,1,1,1,1
57995_000109_Sideline_58,H22,1,1,1,1
57995_000109_Sideline_59,H22,1,1,1,1
57995_000109_Sideline_60,H22,1,1,1,1
57995_000109_Sideline_61,H22,1,1,1,1
57995_000109_Sideline_62,H22,1,1,1,1
57995_000109_Sideline_63,H22,1,1,1,1
57995_000109_Sideline_64,H22,1,1,1,1
57995_000109_Sideline_65,H22,1,1,1,1
57995_000109_Sideline_66,H22,1,1,1,1
57995_000109_Sideline_67,H22,1,1,1,1
57995_000109_Sideline_68,H22,1,1,1,1
57995_000109_Sideline_69,H22,1,1,1,1
57995_000109_Sideline_70,H22,1,1,1,1
57995_000109_Sideline_71,H22,1,1,1,1
57995_000109_Sideline_72,H22,1,1,1,1
57995_000109_Sideline_73,H22,1,1,1,1
57995_000109_Sideline_74,H22,1,1,1,1
57995_000109_Sideline_75,H22,1,1,1,1
57995_000109_Sideline_76,H22,1,1,1,1
57995_000109_Sideline_77,H22,1,1,1,1
57995_000109_Sideline_78,H22,1,1,1,1
57995_000109_Sideline_79,H22,1,1,1,1
57995_000109_Sideline_80,H22,1,1,1,1
57995_000109_Sideline_81,H22,1,1,1,1
57995_000109_Sideline_82,H22,1,1,1,1
57995_000109_Sideline_83,H22,1,1,1,1
57995_000109_Sideline_84,H22,1,1,1,1
57995_000109_Sideline_85,H22,1,1,1,1
57995_000109_Sideline_86,H22,1,1,1,1
57995_000109_Sideline_87,H22,1,1,1,1
57995_000109_Sideline_88,H22,1,1,1,1
57995_000109_Sideline_89,H22,1,1,1,1
57995_000109_Sideline_90,H22,1,1,1,1
57995_000109_Sideline_91,H22,1,1,1,1
57995_000109_Sideline_92,H22,1,1,1,1
57995_000109_Sideline_93,H22,1,1,1,1
57995_000109_Sideline_94,H22,1,1,1,1
57995_000109_Sideline_95,H22,1,1,1,1
57995_000109_Sideline_96,H22,1,1,1,1
57995_000109_Sideline_97,H22,1,1,1,1
57995_000109_Sideline_98,H22,1,1,1,1
57995_000109_Sideline_99,H22,1,1,1,1
57995_000109_Sideline_100,H22,1,1,1,1
57995_000109_Sideline_101,H22,1,1,1,1
57995_000109_Sideline_102,H22,1,1,1,1
57995_000109_Sideline_103,H22,1,1,1,1
57995_000109_Sideline_104,H22,1,1,1,1
57995_000109_Sideline_105,H22,1,1,1,1
57995_000109_Sideline_106,H22,1,1,1,1
57995_000109_Sideline_107,H22,1,1,1,1
57995_000109_Sideline_108,H22,1,1,1,1
57995_000109_Sideline_109,H22,1,1,1,1
57995_000109_Sideline_110,H22,1,1,1,1
57995_000109_Sideline_111,H22,1,1,1,1
57995_000109_Sideline_112,H22,1,1,1,1
57995_000109_Sideline_113,H22,1,1,1,1
57995_000109_Sideline_114,H22,1,1,1,1
57995_000109_Sideline_115,H22,1,1,1,1
57995_000109_Sideline_116,H22,1,1,1,1
57995_000109_Sideline_117,H22,1,1,1,1
57995_000109_Sideline_118,H22,1,1,1,1
57995_000109_Sideline_119,H22,1,1,1,1
57995_000109_Sideline_120,H22,1,1,1,1
57995_000109_Sideline_121,H22,1,1,1,1
57995_000109_Sideline_122,H22,1,1,1,1
57995_000109_Sideline_123,H22,1,1,1,1
57995_000109_Sideline_124,H22,1,1,1,1
57995_000109_Sideline_125,H22,1,1,1,1
57995_000109_Sideline_126,H22,1,1,1,1
57995_000109_Sideline_127,H22,1,1,1,1
57995_000109_Sideline_128,H22,1,1,1,1
57995_000109_Sideline_129,H22,1,1,1,1
57995_000109_Sideline_130,H22,1,1,1,1
57995_000109_Sideline_131,H22,1,1,1,1
57995_000109_Sideline_132,H22,1,1,1,1
57995_000109_Sideline_133,H22,1,1,1,1
57995_000109_Sideline_134,H22,1,1,1,1
57995_000109_Sideline_135,H22,1,1,1,1
57995_000109_Sideline_136,H22,1,1,1,1
57995_000109_Sideline_137,H22,1,1,1,1
57995_000109_Sideline_138,H22,1,1,1,1
57995_000109_Sideline_139,H22,1,1,1,1
57995_000109_Sideline_140,H22,1,1,1,1
57995_000109_Sideline_141,H22,1,1,1,1
57995_000109_Sideline_142,H22,1,1,1,1
57995_000109_Sideline_143,H22,1,1,1,1
57995_000109_Sideline_144,H22,1,1,1,1
57995_000109_Sideline_145,H22,1,1,1,1
57995_000109_Sideline_146,H22,1,1,1,1
57995_000109_Sideline_147,H22,1,1,1,1
57995_000109_Sideline_148,H22,1,1,1,1
57995_000109_Sideline_149,H22,1,1,1,1
57995_000109_Sideline_150,H22,1,1,1,1
57995_000109_Sideline_151,H22,1,1,1,1
57995_000109_Sideline_152,H22,1,1,1,1
57995_000109_Sideline_153,H22,1,1,1,1
57995_000109_Sideline_154,H22,1,1,1,1
57995_000109_Sideline_155,H22,1,1,1,1
57995_000109_Sideline_156,H22,1,1,1,1
57995_000109_Sideline_157,H22,1,1,1,1
57995_000109_Sideline_158,H22,1,1,1,1
57995_000109_Sideline_159,H22,1,1,1,1
57995_000109_Sideline_160,H22,1,1,1,1
57995_000109_Sideline_161,H22,1,1,1,1
57995_000109_Sideline_162,H22,1,1,1,1
57995_000109_Sideline_163,H22,1,1,1,1
57995_000109_Sideline_164,H22,1,1,1,1
57995_000109_Sideline_165,H22,1,1,1,1
57995_000109_Sideline_166,H22,1,1,1,1
57995_000109_Sideline_167,H22,1,1,1,1
57995_000109_Sideline_168,H22,1,1,1,1
57995_000109_Sideline_169,H22,1,1,1,1
57995_000109_Sideline_170,H22,1,1,1,1
57995_000109_Sideline_171,H22,1,1,1,1
57995_000109_Sideline_172,H22,1,1,1,1
57995_000109_Sideline_173,H22,1,1,1,1
57995_000109_Sideline_174,H22,1,1,1,1
57995_000109_Sideline_175,H22,1,1,1,1
57995_000109_Sideline_176,H22,1,1,1,1
57995_000109_Sideline_177,H22,1,1,1,1
57995_000109_Sideline_178,H22,1,1,1,1
57995_000109_Sideline_179,H22,1,1,1,1
57995_000109_Sideline_180,H22,1,1,1,1
57995_000109_Sideline_181,H22,1,1,1,1
57995_000109_Sideline_182,H22,1,1,1,1
57995_000109_Sideline_183,H22,1,1,1,1
57995_000109_Sideline_184,H22,1,1,1,1
57995_000109_Sideline_185,H22,1,1,1,1
57995_000109_Sideline_186,H22,1,1,1,1
57995_000109_Sideline_187,H22,1,1,1,1
57995_000109_Sideline_188,H22,1,1,1,1
57995_000109_Sideline_189,H22,1,1,1,1
57995_000109_Sideline_190,H22,1,1,1,1
57995_000109_Sideline_191,H22,1,1,1,1
57995_000109_Sideline_192,H22,1,1,1,1
57995_000109_Sideline_193,H22,1,1,1,1
57995_000109_Sideline_194,H22,1,1,1,1
57995_000109_Sideline_195,H22,1,1,1,1
57995_000109_Sideline_196,H22,1,1,1,1
57995_000109_Sideline_197,H22,1,1,1,1
57995_000109_Sideline_198,H22,1,1,1,1
57995_000109_Sideline_199,H22,1,1,1,1
57995_000109_Sideline_200,H22,1,1,1,1
57995_000109_Sideline_201,H22,1,1,1,1
57995_000109_Sideline_202,H22,1,1,1,1
57995_000109_Sideline_203,H22,1,1,1,1
57995_000109_Sideline_204,H22,1,1,1,1
57995_000109_Sideline_205,H22,1,1,1,1
57995_000109_Sideline_206,H22,1,1,1,1
57995_000109_Sideline_207,H22,1,1,1,1
57995_000109_Sideline_208,H22,1,1,1,1
57995_000109_Sideline_209,H22,1,1,1,1
57995_000109_Sideline_210,H22,1,1,1,1
57995_000109_Sideline_211,H22,1,1,1,1
57995_000109_Sideline_212,H22,1,1,1,1
57995_000109_Sideline_213,H22,1,1,1,1
57995_000109_Sideline_214,H22,1,1,1,1
57995_000109_Sideline_215,H22,1,1,1,1
57995_000109_Sideline_216,H22,1,1,1,1
57995_000109_Sideline_217,H22,1,1,1,1
57995_000109_Sideline_218,H22,1,1,1,1
57995_000109_Sideline_219,H22,1,1,1,1
57995_000109_Sideline_220,H22,1,1,1,1
57995_000109_Sideline_221,H22,1,1,1,1
57995_000109_Sideline_222,H22,1,1,1,1
57995_000109_Sideline_223,H22,1,1,1,1
57995_000109_Sideline_224,H22,1,1,1,1
57995_000109_Sideline_225,H22,1,1,1,1
57995_000109_Sideline_226,H22,1,1,1,1
57995_000109_Sideline_227,H22,1,1,1,1
57995_000109_Sideline_228,H22,1,1,1,1
57995_000109_Sideline_229,H22,1,1,1,1
57995_000109_Sideline_230,H22,1,1,1,1
57995_000109_Sideline_231,H22,1,1,1,1
57995_000109_Sideline_232,H22,1,1,1,1
57995_000109_Sideline_233,H22,1,1,1,1
57995_000109_Sideline_234,H22,1,1,1,1
57995_000109_Sideline_235,H22,1,1,1,1
57995_000109_Sideline_236,H22,1,1,1,1
57995_000109_Sideline_237,H22,1,1,1,1
57995_000109_Sideline_238,H22,1,1,1,1
57995_000109_Sideline_239,H22,1,1,1,1
57995_000109_Sideline_240,H22,1,1,1,1
57995_000109_Sideline_241,H22,1,1,1,1
57995_000109_Sideline_242,H22,1,1,1,1
57995_000109_Sideline_243,H22,1,1,1,1
57995_000109_Sideline_244,H22,1,1,1,1
57995_000109_Sideline_245,H22,1,1,1,1
57995_000109_Sideline_246,H22,1,1,1,1
57995_000109_Sideline_247,H22,1,1,1,1
57995_000109_Sideline_248,H22,1,1,1,1
57995_000109_Sideline_249,H22,1,1,1,1
57995_000109_Sideline_250,H22,1,1,1,1
57995_000109_Sideline_251,H22,1,1,1,1
57995_000109_Sideline_252,H22,1,1,1,1
57995_000109_Sideline_253,H22,1,1,1,1
57995_000109_Sideline_254,H22,1,1,1,1
57995_000109_Sideline_255,H22,1,1,1,1
57995_000109_Sideline_256,H22,1,1,1,1
57995_000109_Sideline_257,H22,1,1,1,1
57995_000109_Sideline_258,H22,1,1,1,1
57995_000109_Sideline_259,H22,1,1,1,1
57995_000109_Sideline_260,H22,1,1,1,1
57995_000109_Sideline_261,H22,1,1,1,1
57995_000109_Sideline_262,H22,1,1,1,1
57995_000109_Sideline_263,H22,1,1,1,1
57995_000109_Sideline_264,H22,1,1,1,1
57995_000109_Sideline_265,H22,1,1,1,1
57995_000109_Sideline_266,H22,1,1,1,1
57995_000109_Sideline_267,H22,1,1,1,1
57995_000109_Sideline_268,H22,1,1,1,1
57995_000109_Sideline_269,H22,1,1,1,1
57995_000109_Sideline_270,H22,1,1,1,1
57995_000109_Sideline_271,H22,1,1,1,1
57995_000109_Sideline_272,H22,1,1,1,1
57995_000109_Sideline_273,H22,1,1,1,1
57995_000109_Sideline_274,H22,1,1,1,1
57995_000109_Sideline_275,H22,1,1,1,1
57995_000109_Sideline_276,H22,1,1,1,1
57995_000109_Sideline_277,H22,1,1,1,1
57995_000109_Sideline_278,H22,1,1,1,1
57995_000109_Sideline_279,H22,1,1,1,1
57995_000109_Sideline_280,H22,1,1,1,1
57995_000109_Sideline_281,H22,1,1,1,1
57995_000109_Sideline_282,H22,1,1,1,1
57995_000109_Sideline_283,H22,1,1,1,1
57995_000109_Sideline_284,H22,1,1,1,1
57995_000109_Sideline_285,H22,1,1,1,1
57995_000109_Sideline_286,H22,1,1,1,1
57995_000109_Sideline_287,H22,1,1,1,1
57995_000109_Sideline_288,H22,1,1,1,1
57995_000109_Sideline_289,H22,1,1,1,1
57995_000109_Sideline_290,H22,1,1,1,1
57995_000109_Sideline_291,H22,1,1,1,1
57995_000109_Sideline_292,H22,1,1,1,1
57995_000109_Sideline_293,H22,1,1,1,1
57995_000109_Sideline_294,H22,1,1,1,1
57995_000109_Sideline_295,H22,1,1,1,1
57995_000109_Sideline_296,H22,1,1,1,1
57995_000109_Sideline_297,H22,1,1,1,1
57995_000109_Sideline_298,H22,1,1,1,1
57995_000109_Sideline_299,H22,1,1,1,1
57995_000109_Sideline_300,H22,1,1,1,1
57995_000109_Sideline_301,H22,1,1,1,1
57995_000109_Sideline_302,H22,1,1,1,1
57995_000109_Sideline_303,H22,1,1,1,1
57995_000109_Sideline_304,H22,1,1,1,1
57995_000109_Sideline_305,H22,1,1,1,1
57995_000109_Sideline_306,H22,1,1,1,1
57995_000109_Sideline_307,H22,1,1,1,1
57995_000109_Sideline_308,H22,1,1,1,1
57995_000109_Sideline_309,H22,1,1,1,1
57995_000109_Sideline_310,H22,1,1,1,1
57995_000109_Sideline_311,H22,1,1,1,1
57995_000109_Sideline_312,H22,1,1,1,1
57995_000109_Sideline_313,H22,1,1,1,1
57995_000109_Sideline_314,H22,1,1,1,1
57995_000109_Sideline_315,H22,1,1,1,1
57995_000109_Sideline_316,H22,1,1,1,1
57995_000109_Sideline_317,H22,1,1,1,1
57995_000109_Sideline_318,H22,1,1,1,1
57995_000109_Sideline_319,H22,1,1,1,1
57995_000109_Sideline_320,H22,1,1,1,1
57995_000109_Sideline_321,H22,1,1,1,1
57995_000109_Sideline_322,H22,1,1,1,1
57995_000109_Sideline_323,H22,1,1,1,1
57995_000109_Sideline_324,H22,1,1,1,1
57995_000109_Sideline_325,H22,1,1,1,1
57995_000109_Sideline_326,H22,1,1,1,1
57995_000109_Sideline_327,H22,1,1,1,1
57995_000109_Sideline_328,H22,1,1,1,1
57995_000109_Sideline_329,H22,1,1,1,1
57995_000109_Sideline_330,H22,1,1,1,1
57995_000109_Sideline_331,H22,1,1,1,1
57995_000109_Sideline_332,H22,1,1,1,1
57995_000109_Sideline_333,H22,1,1,1,1
57995_000109_Sideline_334,H22,1,1,1,1
57995_000109_Sideline_335,H22,1,1,1,1
57995_000109_Sideline_336,H22,1,1,1,1
57995_000109_Sideline_337,H22,1,1,1,1
57995_000109_Sideline_338,H22,1,1,1,1
57995_000109_Sideline_339,H22,1,1,1,1
57995_000109_Sideline_340,H22,1,1,1,1
57995_000109_Sideline_341,H22,1,1,1,1
57995_000109_Sideline_342,H22,1,1,1,1
57995_000109_Sideline_343,H22,1,1,1,1
57995_000109_Sideline_344,H22,1,1,1,1
57995_000109_Sideline_345,H22,1,1,1,1
57995_000109_Sideline_346,H22,1,1,1,1
57995_000109_Sideline_347,H22,1,1,1,1
57995_000109_Sideline_348,H22,1,1,1,1
57995_000109_Sideline_349,H22,1,1,1,1
57995_000109_Sideline_350,H22,1,1,1,1
57995_000109_Sideline_351,H22,1,1,1,1
57995_000109_Sideline_352,H22,1,1,1,1
57995_000109_Sideline_353,H22,1,1,1,1
57995_000109_Sideline_354,H22,1,1,1,1
57995_000109_Sideline_355,H22,1,1,1,1
57995_000109_Sideline_356,H22,1,1,1,1
57995_000109_Sideline_357,H22,1,1,1,1
57995_000109_Sideline_358,H22,1,1,1,1
57995_000109_Sideline_359,H22,1,1,1,1
57995_000109_Sideline_360,H22,1,1,1,1
57995_000109_Sideline_361,H22,1,1,1,1
57995_000109_Sideline_362,H22,1,1,1,1
57995_000109_Sideline_363,H22,1,1,1,1
57995_000109_Sideline_364,H22,1,1,1,1
57995_000109_Sideline_365,H22,1,1,1,1
57995_000109_Sideline_366,H22,1,1,1,1
57995_000109_Sideline_367,H22,1,1,1,1
57995_000109_Sideline_368,H22,1,1,1,1
57995_000109_Sideline_369,H22,1,1,1,1
57995_000109_Sideline_370,H22,1,1,1,1
57995_000109_Sideline_371,H22,1,1,1,1
57995_000109_Sideline_372,H22,1,1,1,1
57995_000109_Sideline_373,H22,1,1,1,1
57995_000109_Sideline_374,H22,1,1,1,1
57995_000109_Sideline_375,H22,1,1,1,1
57995_000109_Sideline_376,H22,1,1,1,1
57995_000109_Sideline_377,H22,1,1,1,1
57995_000109_Sideline_378,H22,1,1,1,1
57995_000109_Sideline_379,H22,1,1,1,1
57995_000109_Sideline_380,H22,1,1,1,1
57995_000109_Sideline_381,H22,1,1,1,1
57995_000109_Sideline_382,H22,1,1,1,1
57995_000109_Sideline_383,H22,1,1,1,1
57995_000109_Sideline_384,H22,1,1,1,1
57995_000109_Sideline_385,H22,1,1,1,1
57995_000109_Sideline_386,H22,1,1,1,1
57995_000109_Sideline_387,H22,1,1,1,1
57995_000109_Sideline_388,H22,1,1,1,1
57995_000109_Sideline_389,H22,1,1,1,1
57995_000109_Sideline_390,H22,1,1,1,1
57995_000109_Sideline_391,H22,1,1,1,1
57995_000109_Sideline_392,H22,1,1,1,1
57995_000109_Sideline_393,H22,1,1,1,1
57995_000109_Sideline_394,H22,1,1,1,1
57995_000109_Sideline_395,H22,1,1,1,1
57995_000109_Sideline_396,H22,1,1,1,1
57995_000109_Sideline_397,H22,1,1,1,1
57995_000109_Sideline_398,H22,1,1,1,1
57995_000109_Sideline_399,H22,1,1,1,1
57995_000109_Sideline_400,H22,1,1,1,1
57995_000109_Sideline_401,H22,1,1,1,1
57995_000109_Sideline_402,H22,1,1,1,1
57995_000109_Sideline_403,H22,1,1,1,1
57995_000109_Sideline_404,H22,1,1,1,1
57995_000109_Sideline_405,H22,1,1,1,1
57995_000109_Sideline_406,H22,1,1,1,1
57995_000109_Sideline_407,H22,1,1,1,1
57995_000109_Sideline_408,H22,1,1,1,1
57995_000109_Sideline_409,H22,1,1,1,1
57995_000109_Sideline_410,H22,1,1,1,1
57995_000109_Sideline_411,H22,1,1,1,1
57995_000109_Sideline_412,H22,1,1,1,1
57995_000109_Sideline_413,H22,1,1,1,1
57995_000109_Sideline_414,H22,1,1,1,1
57995_000109_Sideline_415,H22,1,1,1,1
57995_000109_Sideline_416,H22,1,1,1,1
57995_000109_Sideline_417,H22,1,1,1,1
57995_000109_Sideline_418,H22,1,1,1,1
57995_000109_Sideline_419,H22,1,1,1,1
57995_000109_Sideline_420,H22,1,1,1,1
57995_000109_Sideline_421,H22,1,1,1,1
57995_000109_Sideline_422,H22,1,1,1,1
57995_000109_Sideline_423,H22,1,1,1,1
57995_000109_Sideline_424,H22,1,1,1,1
57995_000109_Sideline_425,H22,1,1,1,1
57995_000109_Sideline_426,H22,1,1,1,1
57995_000109_Sideline_427,H22,1,1,1,1
57995_000109_Sideline_428,H22,1,1,1,1
57995_000109_Sideline_429,H22,1,1,1,1
57995_000109_Sideline_430,H22,1,1,1,1
57995_000109_Sideline_431,H22,1,1,1,1
57995_000109_Sideline_432,H22,1,1,1,1
57995_000109_Sideline_433,H22,1,1,1,1
57995_000109_Sideline_434,H22,1,1,1,1
57995_000109_Sideline_435,H22,1,1,1,1
57995_000109_Sideline_436,H22,1,1,1,1
57995_000109_Sideline_437,H22,1,1,1,1
57995_000109_Sideline_438,H22,1,1,1,1
57995_000109_Sideline_439,H22,1,1,1,1
57995_000109_Sideline_440,H22,1,1,1,1
57995_000109_Sideline_441,H22,1,1,1,1
57995_000109_Sideline_442,H22,1,1,1,1
57995_000109_Sideline_443,H22,1,1,1,1
57995_000109_Sideline_444,H22,1,1,1,1
57995_000109_Sideline_445,H22,1,1,1,1
57995_000109_Sideline_446,H22,1,1,1,1
57995_000109_Sideline_447,H22,1,1,1,1
57995_000109_Sideline_448,H22,1,1,1,1
57995_000109_Sideline_449,H22,1,1,1,1
57995_000109_Sideline_450,H22,1,1,1,1
57995_000109_Sideline_451,H22,1,1,1,1
57995_000109_Sideline_452,H22,1,1,1,1
57995_000109_Sideline_453,H22,1,1,1,1
57995_000109_Sideline_454,H22,1,1,1,1
57995_000109_Sideline_455,H22,1,1,1,1
57995_000109_Sideline_456,H22,1,1,1,1
57995_000109_Sideline_457,H22,1,1,1,1
57995_000109_Sideline_458,H22,1,1,1,1
57995_000109_Sideline_459,H22,1,1,1,1
57995_000109_Sideline_460,H22,1,1,1,1
57995_000109_Sideline_461,H22,1,1,1,1
57995_000109_Sideline_462,H22,1,1,1,1
57995_000109_Sideline_463,H22,1,1,1,1
57995_000109_Sideline_464,H22,1,1,1,1
57995_000109_Sideline_465,H22,1,1,1,1
57995_000109_Sideline_466,H22,1,1,1,1
57995_000109_Sideline_467,H22,1,1,1,1
57995_000109_Sideline_468,H22,1,1,1,1
57995_000109_Sideline_469,H22,1,1,1,1
57995_000109_Sideline_470,H22,1,1,1,1
57995_000109_Sideline_471,H22,1,1,1,1
57995_000109_Sideline_472,H22,1,1,1,1
57995_000109_Sideline_473,H22,1,1,1,1
57995_000109_Sideline_474,H22,1,1,1,1
57995_000109_Sideline_475,H22,1,1,1,1
57995_000109_Sideline_476,H22,1,1,1,1
57995_000109_Sideline_477,H22,1,1,1,1
57995_000109_Sideline_478,H22,1,1,1,1
57995_000109_Sideline_479,H22,1,1,1,1
57995_000109_Sideline_480,H22,1,1,1,1
57995_000109_Sideline_481,H22,1,1,1,1
57995_000109_Sideline_482,H22,1,1,1,1
57995_000109_Sideline_483,H22,1,1,1,1
57995_000109_Sideline_484,H22,1,1,1,1
57995_000109_Sideline_485,H22,1,1,1,1
57995_000109_Sideline_486,H22,1,1,1,1
57995_000109_Sideline_487,H22,1,1,1,1
57995_000109_Sideline_488,H22,1,1,1,1
57995_000109_Sideline_489,H22,1,1,1,1
57995_000109_Sideline_490,H22,1,1,1,1
57995_000109_Sideline_491,H22,1,1,1,1
57995_000109_Sideline_492,H22,1,1,1,1
57995_000109_Sideline_493,H22,1,1,1,1
57995_000109_Sideline_494,H22,1,1,1,1
57995_000109_Sideline_495,H22,1,1,1,1
57995_000109_Sideline_496,H22,1,1,1,1
57995_000109_Sideline_497,H22,1,1,1,1
57995_000109_Sideline_498,H22,1,1,1,1
57995_000109_Sideline_499,H22,1,1,1,1
57995_000109_Sideline_500,H22,1,1,1,1
57995_000109_Sideline_501,H22,1,1,1,1
57995_000109_Sideline_502,H22,1,1,1,1
57995_000109_Sideline_503,H22,1,1,1,1
57995_000109_Sideline_504,H22,1,1,1,1
57995_000109_Sideline_505,H22,1,1,1,1
57995_000109_Sideline_506,H22,1,1,1,1
57995_000109_Sideline_507,H22,1,1,1,1
57995_000109_Sideline_508,H22,1,1,1,1
57995_000109_Sideline_509,H22,1,1,1,1
57995_000109_Sideline_510,H22,1,1,1,1
57995_000109_Sideline_511,H22,1,1,1,1
57995_000109_Sideline_512,H22,1,1,1,1
57995_000109_Sideline_513,H22,1,1,1,1
57995_000109_Sideline_514,H22,1,1,1,1
57995_000109_Sideline_515,H22,1,1,1,1
57995_000109_Sideline_516,H22,1,1,1,1
57995_000109_Sideline_517,H22,1,1,1,1
57995_000109_Sideline_518,H22,1,1,1,1
57995_000109_Sideline_519,H22,1,1,1,1
57995_000109_Sideline_520,H22,1,1,1,1
57995_000109_Sideline_521,H22,1,1,1,1
57995_000109_Sideline_522,H22,1,1,1,1
57995_000109_Sideline_523,H22,1,1,1,1
57995_000109_Sideline_524,H22,1,1,1,1
57995_000109_Sideline_525,H22,1,1,1,1
57995_000109_Sideline_526,H22,1,1,1,1
57995_000109_Sideline_527,H22,1,1,1,1
57995_000109_Sideline_528,H22,1,1,1,1
57995_000109_Sideline_529,H22,1,1,1,1
58102_002798_Endzone_1,H22,1,1,1,1
58102_002798_Endzone_2,H22,1,1,1,1
58102_002798_Endzone_3,H22,1,1,1,1
58102_002798_Endzone_4,H22,1,1,1,1
58102_002798_Endzone_5,H22,1,1,1,1
58102_002798_Endzone_6,H22,1,1,1,1
58102_002798_Endzone_7,H22,1,1,1,1
58102_002798_Endzone_8,H22,1,1,1,1
58102_002798_Endzone_9,H22,1,1,1,1
58102_002798_Endzone_10,H22,1,1,1,1
58102_002798_Endzone_11,H22,1,1,1,1
58102_002798_Endzone_12,H22,1,1,1,1
58102_002798_Endzone_13,H22,1,1,1,1
58102_002798_Endzone_14,H22,1,1,1,1
58102_002798_Endzone_15,H22,1,1,1,1
58102_002798_Endzone_16,H22,1,1,1,1
58102_002798_Endzone_17,H22,1,1,1,1
58102_002798_Endzone_18,H22,1,1,1,1
58102_002798_Endzone_19,H22,1,1,1,1
58102_002798_Endzone_20,H22,1,1,1,1
58102_002798_Endzone_21,H22,1,1,1,1
58102_002798_Endzone_22,H22,1,1,1,1
58102_002798_Endzone_23,H22,1,1,1,1
58102_002798_Endzone_24,H22,1,1,1,1
58102_002798_Endzone_25,H22,1,1,1,1
58102_002798_Endzone_26,H22,1,1,1,1
58102_002798_Endzone_27,H22,1,1,1,1
58102_002798_Endzone_28,H22,1,1,1,1
58102_002798_Endzone_29,H22,1,1,1,1
58102_002798_Endzone_30,H22,1,1,1,1
58102_002798_Endzone_31,H22,1,1,1,1
58102_002798_Endzone_32,H22,1,1,1,1
58102_002798_Endzone_33,H22,1,1,1,1
58102_002798_Endzone_34,H22,1,1,1,1
58102_002798_Endzone_35,H22,1,1,1,1
58102_002798_Endzone_36,H22,1,1,1,1
58102_002798_Endzone_37,H22,1,1,1,1
58102_002798_Endzone_38,H22,1,1,1,1
58102_002798_Endzone_39,H22,1,1,1,1
58102_002798_Endzone_40,H22,1,1,1,1
58102_002798_Endzone_41,H22,1,1,1,1
58102_002798_Endzone_42,H22,1,1,1,1
58102_002798_Endzone_43,H22,1,1,1,1
58102_002798_Endzone_44,H22,1,1,1,1
58102_002798_Endzone_45,H22,1,1,1,1
58102_002798_Endzone_46,H22,1,1,1,1
58102_002798_Endzone_47,H22,1,1,1,1
58102_002798_Endzone_48,H22,1,1,1,1
58102_002798_Endzone_49,H22,1,1,1,1
58102_002798_Endzone_50,H22,1,1,1,1
58102_002798_Endzone_51,H22,1,1,1,1
58102_002798_Endzone_52,H22,1,1,1,1
58102_002798_Endzone_53,H22,1,1,1,1
58102_002798_Endzone_54,H22,1,1,1,1
58102_002798_Endzone_55,H22,1,1,1,1
58102_002798_Endzone_56,H22,1,1,1,1
58102_002798_Endzone_57,H22,1,1,1,1
58102_002798_Endzone_58,H22,1,1,1,1
58102_002798_Endzone_59,H22,1,1,1,1
58102_002798_Endzone_60,H22,1,1,1,1
58102_002798_Endzone_61,H22,1,1,1,1
58102_002798_Endzone_62,H22,1,1,1,1
58102_002798_Endzone_63,H22,1,1,1,1
58102_002798_Endzone_64,H22,1,1,1,1
58102_002798_Endzone_65,H22,1,1,1,1
58102_002798_Endzone_66,H22,1,1,1,1
58102_002798_Endzone_67,H22,1,1,1,1
58102_002798_Endzone_68,H22,1,1,1,1
58102_002798_Endzone_69,H22,1,1,1,1
58102_002798_Endzone_70,H22,1,1,1,1
58102_002798_Endzone_71,H22,1,1,1,1
58102_002798_Endzone_72,H22,1,1,1,1
58102_002798_Endzone_73,H22,1,1,1,1
58102_002798_Endzone_74,H22,1,1,1,1
58102_002798_Endzone_75,H22,1,1,1,1
58102_002798_Endzone_76,H22,1,1,1,1
58102_002798_Endzone_77,H22,1,1,1,1
58102_002798_Endzone_78,H22,1,1,1,1
58102_002798_Endzone_79,H22,1,1,1,1
58102_002798_Endzone_80,H22,1,1,1,1
58102_002798_Endzone_81,H22,1,1,1,1
58102_002798_Endzone_82,H22,1,1,1,1
58102_002798_Endzone_83,H22,1,1,1,1
58102_002798_Endzone_84,H22,1,1,1,1
58102_002798_Endzone_85,H22,1,1,1,1
58102_002798_Endzone_86,H22,1,1,1,1
58102_002798_Endzone_87,H22,1,1,1,1
58102_002798_Endzone_88,H22,1,1,1,1
58102_002798_Endzone_89,H22,1,1,1,1
58102_002798_Endzone_90,H22,1,1,1,1
58102_002798_Endzone_91,H22,1,1,1,1
58102_002798_Endzone_92,H22,1,1,1,1
58102_002798_Endzone_93,H22,1,1,1,1
58102_002798_Endzone_94,H22,1,1,1,1
58102_002798_Endzone_95,H22,1,1,1,1
58102_002798_Endzone_96,H22,1,1,1,1
58102_002798_Endzone_97,H22,1,1,1,1
58102_002798_Endzone_98,H22,1,1,1,1
58102_002798_Endzone_99,H22,1,1,1,1
58102_002798_Endzone_100,H22,1,1,1,1
58102_002798_Endzone_101,H22,1,1,1,1
58102_002798_Endzone_102,H22,1,1,1,1
58102_002798_Endzone_103,H22,1,1,1,1
58102_002798_Endzone_104,H22,1,1,1,1
58102_002798_Endzone_105,H22,1,1,1,1
58102_002798_Endzone_106,H22,1,1,1,1
58102_002798_Endzone_107,H22,1,1,1,1
58102_002798_Endzone_108,H22,1,1,1,1
58102_002798_Endzone_109,H22,1,1,1,1
58102_002798_Endzone_110,H22,1,1,1,1
58102_002798_Endzone_111,H22,1,1,1,1
58102_002798_Endzone_112,H22,1,1,1,1
58102_002798_Endzone_113,H22,1,1,1,1
58102_002798_Endzone_114,H22,1,1,1,1
58102_002798_Endzone_115,H22,1,1,1,1
58102_002798_Endzone_116,H22,1,1,1,1
58102_002798_Endzone_117,H22,1,1,1,1
58102_002798_Endzone_118,H22,1,1,1,1
58102_002798_Endzone_119,H22,1,1,1,1
58102_002798_Endzone_120,H22,1,1,1,1
58102_002798_Endzone_121,H22,1,1,1,1
58102_002798_Endzone_122,H22,1,1,1,1
58102_002798_Endzone_123,H22,1,1,1,1
58102_002798_Endzone_124,H22,1,1,1,1
58102_002798_Endzone_125,H22,1,1,1,1
58102_002798_Endzone_126,H22,1,1,1,1
58102_002798_Endzone_127,H22,1,1,1,1
58102_002798_Endzone_128,H22,1,1,1,1
58102_002798_Endzone_129,H22,1,1,1,1
58102_002798_Endzone_130,H22,1,1,1,1
58102_002798_Endzone_131,H22,1,1,1,1
58102_002798_Endzone_132,H22,1,1,1,1
58102_002798_Endzone_133,H22,1,1,1,1
58102_002798_Endzone_134,H22,1,1,1,1
58102_002798_Endzone_135,H22,1,1,1,1
58102_002798_Endzone_136,H22,1,1,1,1
58102_002798_Endzone_137,H22,1,1,1,1
58102_002798_Endzone_138,H22,1,1,1,1
58102_002798_Endzone_139,H22,1,1,1,1
58102_002798_Endzone_140,H22,1,1,1,1
58102_002798_Endzone_141,H22,1,1,1,1
58102_002798_Endzone_142,H22,1,1,1,1
58102_002798_Endzone_143,H22,1,1,1,1
58102_002798_Endzone_144,H22,1,1,1,1
58102_002798_Endzone_145,H22,1,1,1,1
58102_002798_Endzone_146,H22,1,1,1,1
58102_002798_Endzone_147,H22,1,1,1,1
58102_002798_Endzone_148,H22,1,1,1,1
58102_002798_Endzone_149,H22,1,1,1,1
58102_002798_Endzone_150,H22,1,1,1,1
58102_002798_Endzone_151,H22,1,1,1,1
58102_002798_Endzone_152,H22,1,1,1,1
58102_002798_Endzone_153,H22,1,1,1,1
58102_002798_Endzone_154,H22,1,1,1,1
58102_002798_Endzone_155,H22,1,1,1,1
58102_002798_Endzone_156,H22,1,1,1,1
58102_002798_Endzone_157,H22,1,1,1,1
58102_002798_Endzone_158,H22,1,1,1,1
58102_002798_Endzone_159,H22,1,1,1,1
58102_002798_Endzone_160,H22,1,1,1,1
58102_002798_Endzone_161,H22,1,1,1,1
58102_002798_Endzone_162,H22,1,1,1,1
58102_002798_Endzone_163,H22,1,1,1,1
58102_002798_Endzone_164,H22,1,1,1,1
58102_002798_Endzone_165,H22,1,1,1,1
58102_002798_Endzone_166,H22,1,1,1,1
58102_002798_Endzone_167,H22,1,1,1,1
58102_002798_Endzone_168,H22,1,1,1,1
58102_002798_Endzone_169,H22,1,1,1,1
58102_002798_Endzone_170,H22,1,1,1,1
58102_002798_Endzone_171,H22,1,1,1,1
58102_002798_Endzone_172,H22,1,1,1,1
58102_002798_Endzone_173,H22,1,1,1,1
58102_002798_Endzone_174,H22,1,1,1,1
58102_002798_Endzone_175,H22,1,1,1,1
58102_002798_Endzone_176,H22,1,1,1,1
58102_002798_Endzone_177,H22,1,1,1,1
58102_002798_Endzone_178,H22,1,1,1,1
58102_002798_Endzone_179,H22,1,1,1,1
58102_002798_Endzone_180,H22,1,1,1,1
58102_002798_Endzone_181,H22,1,1,1,1
58102_002798_Endzone_182,H22,1,1,1,1
58102_002798_Endzone_183,H22,1,1,1,1
58102_002798_Endzone_184,H22,1,1,1,1
58102_002798_Endzone_185,H22,1,1,1,1
58102_002798_Endzone_186,H22,1,1,1,1
58102_002798_Endzone_187,H22,1,1,1,1
58102_002798_Endzone_188,H22,1,1,1,1
58102_002798_Endzone_189,H22,1,1,1,1
58102_002798_Endzone_190,H22,1,1,1,1
58102_002798_Endzone_191,H22,1,1,1,1
58102_002798_Endzone_192,H22,1,1,1,1
58102_002798_Endzone_193,H22,1,1,1,1
58102_002798_Endzone_194,H22,1,1,1,1
58102_002798_Endzone_195,H22,1,1,1,1
58102_002798_Endzone_196,H22,1,1,1,1
58102_002798_Endzone_197,H22,1,1,1,1
58102_002798_Endzone_198,H22,1,1,1,1
58102_002798_Endzone_199,H22,1,1,1,1
58102_002798_Endzone_200,H22,1,1,1,1
58102_002798_Endzone_201,H22,1,1,1,1
58102_002798_Endzone_202,H22,1,1,1,1
58102_002798_Endzone_203,H22,1,1,1,1
58102_002798_Endzone_204,H22,1,1,1,1
58102_002798_Endzone_205,H22,1,1,1,1
58102_002798_Endzone_206,H22,1,1,1,1
58102_002798_Endzone_207,H22,1,1,1,1
58102_002798_Endzone_208,H22,1,1,1,1
58102_002798_Endzone_209,H22,1,1,1,1
58102_002798_Endzone_210,H22,1,1,1,1
58102_002798_Endzone_211,H22,1,1,1,1
58102_002798_Endzone_212,H22,1,1,1,1
58102_002798_Endzone_213,H22,1,1,1,1
58102_002798_Endzone_214,H22,1,1,1,1
58102_002798_Endzone_215,H22,1,1,1,1
58102_002798_Endzone_216,H22,1,1,1,1
58102_002798_Endzone_217,H22,1,1,1,1
58102_002798_Endzone_218,H22,1,1,1,1
58102_002798_Endzone_219,H22,1,1,1,1
58102_002798_Endzone_220,H22,1,1,1,1
58102_002798_Endzone_221,H22,1,1,1,1
58102_002798_Endzone_222,H22,1,1,1,1
58102_002798_Endzone_223,H22,1,1,1,1
58102_002798_Endzone_224,H22,1,1,1,1
58102_002798_Endzone_225,H22,1,1,1,1
58102_002798_Endzone_226,H22,1,1,1,1
58102_002798_Endzone_227,H22,1,1,1,1
58102_002798_Endzone_228,H22,1,1,1,1
58102_002798_Endzone_229,H22,1,1,1,1
58102_002798_Endzone_230,H22,1,1,1,1
58102_002798_Endzone_231,H22,1,1,1,1
58102_002798_Endzone_232,H22,1,1,1,1
58102_002798_Endzone_233,H22,1,1,1,1
58102_002798_Endzone_234,H22,1,1,1,1
58102_002798_Endzone_235,H22,1,1,1,1
58102_002798_Endzone_236,H22,1,1,1,1
58102_002798_Endzone_237,H22,1,1,1,1
58102_002798_Endzone_238,H22,1,1,1,1
58102_002798_Endzone_239,H22,1,1,1,1
58102_002798_Endzone_240,H22,1,1,1,1
58102_002798_Endzone_241,H22,1,1,1,1
58102_002798_Endzone_242,H22,1,1,1,1
58102_002798_Endzone_243,H22,1,1,1,1
58102_002798_Endzone_244,H22,1,1,1,1
58102_002798_Endzone_245,H22,1,1,1,1
58102_002798_Endzone_246,H22,1,1,1,1
58102_002798_Endzone_247,H22,1,1,1,1
58102_002798_Endzone_248,H22,1,1,1,1
58102_002798_Endzone_249,H22,1,1,1,1
58102_002798_Endzone_250,H22,1,1,1,1
58102_002798_Endzone_251,H22,1,1,1,1
58102_002798_Endzone_252,H22,1,1,1,1
58102_002798_Endzone_253,H22,1,1,1,1
58102_002798_Endzone_254,H22,1,1,1,1
58102_002798_Endzone_255,H22,1,1,1,1
58102_002798_Endzone_256,H22,1,1,1,1
58102_002798_Endzone_257,H22,1,1,1,1
58102_002798_Endzone_258,H22,1,1,1,1
58102_002798_Endzone_259,H22,1,1,1,1
58102_002798_Endzone_260,H22,1,1,1,1
58102_002798_Endzone_261,H22,1,1,1,1
58102_002798_Endzone_262,H22,1,1,1,1
58102_002798_Endzone_263,H22,1,1,1,1
58102_002798_Endzone_264,H22,1,1,1,1
58102_002798_Endzone_265,H22,1,1,1,1
58102_002798_Endzone_266,H22,1,1,1,1
58102_002798_Endzone_267,H22,1,1,1,1
58102_002798_Endzone_268,H22,1,1,1,1
58102_002798_Endzone_269,H22,1,1,1,1
58102_002798_Endzone_270,H22,1,1,1,1
58102_002798_Endzone_271,H22,1,1,1,1
58102_002798_Endzone_272,H22,1,1,1,1
58102_002798_Endzone_273,H22,1,1,1,1
58102_002798_Endzone_274,H22,1,1,1,1
58102_002798_Endzone_275,H22,1,1,1,1
58102_002798_Endzone_276,H22,1,1,1,1
58102_002798_Endzone_277,H22,1,1,1,1
58102_002798_Endzone_278,H22,1,1,1,1
58102_002798_Endzone_279,H22,1,1,1,1
58102_002798_Endzone_280,H22,1,1,1,1
58102_002798_Endzone_281,H22,1,1,1,1
58102_002798_Endzone_282,H22,1,1,1,1
58102_002798_Endzone_283,H22,1,1,1,1
58102_002798_Endzone_284,H22,1,1,1,1
58102_002798_Endzone_285,H22,1,1,1,1
58102_002798_Endzone_286,H22,1,1,1,1
58102_002798_Endzone_287,H22,1,1,1,1
58102_002798_Endzone_288,H22,1,1,1,1
58102_002798_Endzone_289,H22,1,1,1,1
58102_002798_Endzone_290,H22,1,1,1,1
58102_002798_Endzone_291,H22,1,1,1,1
58102_002798_Endzone_292,H22,1,1,1,1
58102_002798_Endzone_293,H22,1,1,1,1
58102_002798_Endzone_294,H22,1,1,1,1
58102_002798_Endzone_295,H22,1,1,1,1
58102_002798_Endzone_296,H22,1,1,1,1
58102_002798_Endzone_297,H22,1,1,1,1
58102_002798_Endzone_298,H22,1,1,1,1
58102_002798_Endzone_299,H22,1,1,1,1
58102_002798_Endzone_300,H22,1,1,1,1
58102_002798_Endzone_301,H22,1,1,1,1
58102_002798_Endzone_302,H22,1,1,1,1
58102_002798_Endzone_303,H22,1,1,1,1
58102_002798_Endzone_304,H22,1,1,1,1
58102_002798_Endzone_305,H22,1,1,1,1
58102_002798_Endzone_306,H22,1,1,1,1
58102_002798_Endzone_307,H22,1,1,1,1
58102_002798_Endzone_308,H22,1,1,1,1
58102_002798_Endzone_309,H22,1,1,1,1
58102_002798_Endzone_310,H22,1,1,1,1
58102_002798_Endzone_311,H22,1,1,1,1
58102_002798_Endzone_312,H22,1,1,1,1
58102_002798_Endzone_313,H22,1,1,1,1
58102_002798_Endzone_314,H22,1,1,1,1
58102_002798_Endzone_315,H22,1,1,1,1
58102_002798_Endzone_316,H22,1,1,1,1
58102_002798_Endzone_317,H22,1,1,1,1
58102_002798_Endzone_318,H22,1,1,1,1
58102_002798_Endzone_319,H22,1,1,1,1
58102_002798_Endzone_320,H22,1,1,1,1
58102_002798_Endzone_321,H22,1,1,1,1
58102_002798_Endzone_322,H22,1,1,1,1
58102_002798_Endzone_323,H22,1,1,1,1
58102_002798_Endzone_324,H22,1,1,1,1
58102_002798_Endzone_325,H22,1,1,1,1
58102_002798_Endzone_326,H22,1,1,1,1
58102_002798_Endzone_327,H22,1,1,1,1
58102_002798_Endzone_328,H22,1,1,1,1
58102_002798_Endzone_329,H22,1,1,1,1
58102_002798_Endzone_330,H22,1,1,1,1
58102_002798_Endzone_331,H22,1,1,1,1
58102_002798_Endzone_332,H22,1,1,1,1
58102_002798_Endzone_333,H22,1,1,1,1
58102_002798_Endzone_334,H22,1,1,1,1
58102_002798_Endzone_335,H22,1,1,1,1
58102_002798_Endzone_336,H22,1,1,1,1
58102_002798_Endzone_337,H22,1,1,1,1
58102_002798_Endzone_338,H22,1,1,1,1
58102_002798_Endzone_339,H22,1,1,1,1
58102_002798_Endzone_340,H22,1,1,1,1
58102_002798_Endzone_341,H22,1,1,1,1
58102_002798_Endzone_342,H22,1,1,1,1
58102_002798_Endzone_343,H22,1,1,1,1
58102_002798_Endzone_344,H22,1,1,1,1
58102_002798_Endzone_345,H22,1,1,1,1
58102_002798_Endzone_346,H22,1,1,1,1
58102_002798_Endzone_347,H22,1,1,1,1
58102_002798_Endzone_348,H22,1,1,1,1
58102_002798_Endzone_349,H22,1,1,1,1
58102_002798_Endzone_350,H22,1,1,1,1
58102_002798_Endzone_351,H22,1,1,1,1
58102_002798_Endzone_352,H22,1,1,1,1
58102_002798_Endzone_353,H22,1,1,1,1
58102_002798_Endzone_354,H22,1,1,1,1
58102_002798_Endzone_355,H22,1,1,1,1
58102_002798_Endzone_356,H22,1,1,1,1
58102_002798_Endzone_357,H22,1,1,1,1
58102_002798_Endzone_358,H22,1,1,1,1
58102_002798_Endzone_359,H22,1,1,1,1
58102_002798_Endzone_360,H22,1,1,1,1
58102_002798_Endzone_361,H22,1,1,1,1
58102_002798_Endzone_362,H22,1,1,1,1
58102_002798_Endzone_363,H22,1,1,1,1
58102_002798_Endzone_364,H22,1,1,1,1
58102_002798_Endzone_365,H22,1,1,1,1
58102_002798_Endzone_366,H22,1,1,1,1
58102_002798_Sideline_1,H22,1,1,1,1
58102_002798_Sideline_2,H22,1,1,1,1
58102_002798_Sideline_3,H22,1,1,1,1
58102_002798_Sideline_4,H22,1,1,1,1
58102_002798_Sideline_5,H22,1,1,1,1
58102_002798_Sideline_6,H22,1,1,1,1
58102_002798_Sideline_7,H22,1,1,1,1
58102_002798_Sideline_8,H22,1,1,1,1
58102_002798_Sideline_9,H22,1,1,1,1
58102_002798_Sideline_10,H22,1,1,1,1
58102_002798_Sideline_11,H22,1,1,1,1
58102_002798_Sideline_12,H22,1,1,1,1
58102_002798_Sideline_13,H22,1,1,1,1
58102_002798_Sideline_14,H22,1,1,1,1
58102_002798_Sideline_15,H22,1,1,1,1
58102_002798_Sideline_16,H22,1,1,1,1
58102_002798_Sideline_17,H22,1,1,1,1
58102_002798_Sideline_18,H22,1,1,1,1
58102_002798_Sideline_19,H22,1,1,1,1
58102_002798_Sideline_20,H22,1,1,1,1
58102_002798_Sideline_21,H22,1,1,1,1
58102_002798_Sideline_22,H22,1,1,1,1
58102_002798_Sideline_23,H22,1,1,1,1
58102_002798_Sideline_24,H22,1,1,1,1
58102_002798_Sideline_25,H22,1,1,1,1
58102_002798_Sideline_26,H22,1,1,1,1
58102_002798_Sideline_27,H22,1,1,1,1
58102_002798_Sideline_28,H22,1,1,1,1
58102_002798_Sideline_29,H22,1,1,1,1
58102_002798_Sideline_30,H22,1,1,1,1
58102_002798_Sideline_31,H22,1,1,1,1
58102_002798_Sideline_32,H22,1,1,1,1
58102_002798_Sideline_33,H22,1,1,1,1
58102_002798_Sideline_34,H22,1,1,1,1
58102_002798_Sideline_35,H22,1,1,1,1
58102_002798_Sideline_36,H22,1,1,1,1
58102_002798_Sideline_37,H22,1,1,1,1
58102_002798_Sideline_38,H22,1,1,1,1
58102_002798_Sideline_39,H22,1,1,1,1
58102_002798_Sideline_40,H22,1,1,1,1
58102_002798_Sideline_41,H22,1,1,1,1
58102_002798_Sideline_42,H22,1,1,1,1
58102_002798_Sideline_43,H22,1,1,1,1
58102_002798_Sideline_44,H22,1,1,1,1
58102_002798_Sideline_45,H22,1,1,1,1
58102_002798_Sideline_46,H22,1,1,1,1
58102_002798_Sideline_47,H22,1,1,1,1
58102_002798_Sideline_48,H22,1,1,1,1
58102_002798_Sideline_49,H22,1,1,1,1
58102_002798_Sideline_50,H22,1,1,1,1
58102_002798_Sideline_51,H22,1,1,1,1
58102_002798_Sideline_52,H22,1,1,1,1
58102_002798_Sideline_53,H22,1,1,1,1
58102_002798_Sideline_54,H22,1,1,1,1
58102_002798_Sideline_55,H22,1,1,1,1
58102_002798_Sideline_56,H22,1,1,1,1
58102_002798_Sideline_57,H22,1,1,1,1
58102_002798_Sideline_58,H22,1,1,1,1
58102_002798_Sideline_59,H22,1,1,1,1
58102_002798_Sideline_60,H22,1,1,1,1
58102_002798_Sideline_61,H22,1,1,1,1
58102_002798_Sideline_62,H22,1,1,1,1
58102_002798_Sideline_63,H22,1,1,1,1
58102_002798_Sideline_64,H22,1,1,1,1
58102_002798_Sideline_65,H22,1,1,1,1
58102_002798_Sideline_66,H22,1,1,1,1
58102_002798_Sideline_67,H22,1,1,1,1
58102_002798_Sideline_68,H22,1,1,1,1
58102_002798_Sideline_69,H22,1,1,1,1
58102_002798_Sideline_70,H22,1,1,1,1
58102_002798_Sideline_71,H22,1,1,1,1
58102_002798_Sideline_72,H22,1,1,1,1
58102_002798_Sideline_73,H22,1,1,1,1
58102_002798_Sideline_74,H22,1,1,1,1
58102_002798_Sideline_75,H22,1,1,1,1
58102_002798_Sideline_76,H22,1,1,1,1
58102_002798_Sideline_77,H22,1,1,1,1
58102_002798_Sideline_78,H22,1,1,1,1
58102_002798_Sideline_79,H22,1,1,1,1
58102_002798_Sideline_80,H22,1,1,1,1
58102_002798_Sideline_81,H22,1,1,1,1
58102_002798_Sideline_82,H22,1,1,1,1
58102_002798_Sideline_83,H22,1,1,1,1
58102_002798_Sideline_84,H22,1,1,1,1
58102_002798_Sideline_85,H22,1,1,1,1
58102_002798_Sideline_86,H22,1,1,1,1
58102_002798_Sideline_87,H22,1,1,1,1
58102_002798_Sideline_88,H22,1,1,1,1
58102_002798_Sideline_89,H22,1,1,1,1
58102_002798_Sideline_90,H22,1,1,1,1
58102_002798_Sideline_91,H22,1,1,1,1
58102_002798_Sideline_92,H22,1,1,1,1
58102_002798_Sideline_93,H22,1,1,1,1
58102_002798_Sideline_94,H22,1,1,1,1
58102_002798_Sideline_95,H22,1,1,1,1
58102_002798_Sideline_96,H22,1,1,1,1
58102_002798_Sideline_97,H22,1,1,1,1
58102_002798_Sideline_98,H22,1,1,1,1
58102_002798_Sideline_99,H22,1,1,1,1
58102_002798_Sideline_100,H22,1,1,1,1
58102_002798_Sideline_101,H22,1,1,1,1
58102_002798_Sideline_102,H22,1,1,1,1
58102_002798_Sideline_103,H22,1,1,1,1
58102_002798_Sideline_104,H22,1,1,1,1
58102_002798_Sideline_105,H22,1,1,1,1
58102_002798_Sideline_106,H22,1,1,1,1
58102_002798_Sideline_107,H22,1,1,1,1
58102_002798_Sideline_108,H22,1,1,1,1
58102_002798_Sideline_109,H22,1,1,1,1
58102_002798_Sideline_110,H22,1,1,1,1
58102_002798_Sideline_111,H22,1,1,1,1
58102_002798_Sideline_112,H22,1,1,1,1
58102_002798_Sideline_113,H22,1,1,1,1
58102_002798_Sideline_114,H22,1,1,1,1
58102_002798_Sideline_115,H22,1,1,1,1
58102_002798_Sideline_116,H22,1,1,1,1
58102_002798_Sideline_117,H22,1,1,1,1
58102_002798_Sideline_118,H22,1,1,1,1
58102_002798_Sideline_119,H22,1,1,1,1
58102_002798_Sideline_120,H22,1,1,1,1
58102_002798_Sideline_121,H22,1,1,1,1
58102_002798_Sideline_122,H22,1,1,1,1
58102_002798_Sideline_123,H22,1,1,1,1
58102_002798_Sideline_124,H22,1,1,1,1
58102_002798_Sideline_125,H22,1,1,1,1
58102_002798_Sideline_126,H22,1,1,1,1
58102_002798_Sideline_127,H22,1,1,1,1
58102_002798_Sideline_128,H22,1,1,1,1
58102_002798_Sideline_129,H22,1,1,1,1
58102_002798_Sideline_130,H22,1,1,1,1
58102_002798_Sideline_131,H22,1,1,1,1
58102_002798_Sideline_132,H22,1,1,1,1
58102_002798_Sideline_133,H22,1,1,1,1
58102_002798_Sideline_134,H22,1,1,1,1
58102_002798_Sideline_135,H22,1,1,1,1
58102_002798_Sideline_136,H22,1,1,1,1
58102_002798_Sideline_137,H22,1,1,1,1
58102_002798_Sideline_138,H22,1,1,1,1
58102_002798_Sideline_139,H22,1,1,1,1
58102_002798_Sideline_140,H22,1,1,1,1
58102_002798_Sideline_141,H22,1,1,1,1
58102_002798_Sideline_142,H22,1,1,1,1
58102_002798_Sideline_143,H22,1,1,1,1
58102_002798_Sideline_144,H22,1,1,1,1
58102_002798_Sideline_145,H22,1,1,1,1
58102_002798_Sideline_146,H22,1,1,1,1
58102_002798_Sideline_147,H22,1,1,1,1
58102_002798_Sideline_148,H22,1,1,1,1
58102_002798_Sideline_149,H22,1,1,1,1
58102_002798_Sideline_150,H22,1,1,1,1
58102_002798_Sideline_151,H22,1,1,1,1
58102_002798_Sideline_152,H22,1,1,1,1
58102_002798_Sideline_153,H22,1,1,1,1
58102_002798_Sideline_154,H22,1,1,1,1
58102_002798_Sideline_155,H22,1,1,1,1
58102_002798_Sideline_156,H22,1,1,1,1
58102_002798_Sideline_157,H22,1,1,1,1
58102_002798_Sideline_158,H22,1,1,1,1
58102_002798_Sideline_159,H22,1,1,1,1
58102_002798_Sideline_160,H22,1,1,1,1
58102_002798_Sideline_161,H22,1,1,1,1
58102_002798_Sideline_162,H22,1,1,1,1
58102_002798_Sideline_163,H22,1,1,1,1
58102_002798_Sideline_164,H22,1,1,1,1
58102_002798_Sideline_165,H22,1,1,1,1
58102_002798_Sideline_166,H22,1,1,1,1
58102_002798_Sideline_167,H22,1,1,1,1
58102_002798_Sideline_168,H22,1,1,1,1
58102_002798_Sideline_169,H22,1,1,1,1
58102_002798_Sideline_170,H22,1,1,1,1
58102_002798_Sideline_171,H22,1,1,1,1
58102_002798_Sideline_172,H22,1,1,1,1
58102_002798_Sideline_173,H22,1,1,1,1
58102_002798_Sideline_174,H22,1,1,1,1
58102_002798_Sideline_175,H22,1,1,1,1
58102_002798_Sideline_176,H22,1,1,1,1
58102_002798_Sideline_177,H22,1,1,1,1
58102_002798_Sideline_178,H22,1,1,1,1
58102_002798_Sideline_179,H22,1,1,1,1
58102_002798_Sideline_180,H22,1,1,1,1
58102_002798_Sideline_181,H22,1,1,1,1
58102_002798_Sideline_182,H22,1,1,1,1
58102_002798_Sideline_183,H22,1,1,1,1
58102_002798_Sideline_184,H22,1,1,1,1
58102_002798_Sideline_185,H22,1,1,1,1
58102_002798_Sideline_186,H22,1,1,1,1
58102_002798_Sideline_187,H22,1,1,1,1
58102_002798_Sideline_188,H22,1,1,1,1
58102_002798_Sideline_189,H22,1,1,1,1
58102_002798_Sideline_190,H22,1,1,1,1
58102_002798_Sideline_191,H22,1,1,1,1
58102_002798_Sideline_192,H22,1,1,1,1
58102_002798_Sideline_193,H22,1,1,1,1
58102_002798_Sideline_194,H22,1,1,1,1
58102_002798_Sideline_195,H22,1,1,1,1
58102_002798_Sideline_196,H22,1,1,1,1
58102_002798_Sideline_197,H22,1,1,1,1
58102_002798_Sideline_198,H22,1,1,1,1
58102_002798_Sideline_199,H22,1,1,1,1
58102_002798_Sideline_200,H22,1,1,1,1
58102_002798_Sideline_201,H22,1,1,1,1
58102_002798_Sideline_202,H22,1,1,1,1
58102_002798_Sideline_203,H22,1,1,1,1
58102_002798_Sideline_204,H22,1,1,1,1
58102_002798_Sideline_205,H22,1,1,1,1
58102_002798_Sideline_206,H22,1,1,1,1
58102_002798_Sideline_207,H22,1,1,1,1
58102_002798_Sideline_208,H22,1,1,1,1
58102_002798_Sideline_209,H22,1,1,1,1
58102_002798_Sideline_210,H22,1,1,1,1
58102_002798_Sideline_211,H22,1,1,1,1
58102_002798_Sideline_212,H22,1,1,1,1
58102_002798_Sideline_213,H22,1,1,1,1
58102_002798_Sideline_214,H22,1,1,1,1
58102_002798_Sideline_215,H22,1,1,1,1
58102_002798_Sideline_216,H22,1,1,1,1
58102_002798_Sideline_217,H22,1,1,1,1
58102_002798_Sideline_218,H22,1,1,1,1
58102_002798_Sideline_219,H22,1,1,1,1
58102_002798_Sideline_220,H22,1,1,1,1
58102_002798_Sideline_221,H22,1,1,1,1
58102_002798_Sideline_222,H22,1,1,1,1
58102_002798_Sideline_223,H22,1,1,1,1
58102_002798_Sideline_224,H22,1,1,1,1
58102_002798_Sideline_225,H22,1,1,1,1
58102_002798_Sideline_226,H22,1,1,1,1
58102_002798_Sideline_227,H22,1,1,1,1
58102_002798_Sideline_228,H22,1,1,1,1
58102_002798_Sideline_229,H22,1,1,1,1
58102_002798_Sideline_230,H22,1,1,1,1
58102_002798_Sideline_231,H22,1,1,1,1
58102_002798_Sideline_232,H22,1,1,1,1
58102_002798_Sideline_233,H22,1,1,1,1
58102_002798_Sideline_234,H22,1,1,1,1
58102_002798_Sideline_235,H22,1,1,1,1
58102_002798_Sideline_236,H22,1,1,1,1
58102_002798_Sideline_237,H22,1,1,1,1
58102_002798_Sideline_238,H22,1,1,1,1
58102_002798_Sideline_239,H22,1,1,1,1
58102_002798_Sideline_240,H22,1,1,1,1
58102_002798_Sideline_241,H22,1,1,1,1
58102_002798_Sideline_242,H22,1,1,1,1
58102_002798_Sideline_243,H22,1,1,1,1
58102_002798_Sideline_244,H22,1,1,1,1
58102_002798_Sideline_245,H22,1,1,1,1
58102_002798_Sideline_246,H22,1,1,1,1
58102_002798_Sideline_247,H22,1,1,1,1
58102_002798_Sideline_248,H22,1,1,1,1
58102_002798_Sideline_249,H22,1,1,1,1
58102_002798_Sideline_250,H22,1,1,1,1
58102_002798_Sideline_251,H22,1,1,1,1
58102_002798_Sideline_252,H22,1,1,1,1
58102_002798_Sideline_253,H22,1,1,1,1
58102_002798_Sideline_254,H22,1,1,1,1
58102_002798_Sideline_255,H22,1,1,1,1
58102_002798_Sideline_256,H22,1,1,1,1
58102_002798_Sideline_257,H22,1,1,1,1
58102_002798_Sideline_258,H22,1,1,1,1
58102_002798_Sideline_259,H22,1,1,1,1
58102_002798_Sideline_260,H22,1,1,1,1
58102_002798_Sideline_261,H22,1,1,1,1
58102_002798_Sideline_262,H22,1,1,1,1
58102_002798_Sideline_263,H22,1,1,1,1
58102_002798_Sideline_264,H22,1,1,1,1
58102_002798_Sideline_265,H22,1,1,1,1
58102_002798_Sideline_266,H22,1,1,1,1
58102_002798_Sideline_267,H22,1,1,1,1
58102_002798_Sideline_268,H22,1,1,1,1
58102_002798_Sideline_269,H22,1,1,1,1
58102_002798_Sideline_270,H22,1,1,1,1
58102_002798_Sideline_271,H22,1,1,1,1
58102_002798_Sideline_272,H22,1,1,1,1
58102_002798_Sideline_273,H22,1,1,1,1
58102_002798_Sideline_274,H22,1,1,1,1
58102_002798_Sideline_275,H22,1,1,1,1
58102_002798_Sideline_276,H22,1,1,1,1
58102_002798_Sideline_277,H22,1,1,1,1
58102_002798_Sideline_278,H22,1,1,1,1
58102_002798_Sideline_279,H22,1,1,1,1
58102_002798_Sideline_280,H22,1,1,1,1
58102_002798_Sideline_281,H22,1,1,1,1
58102_002798_Sideline_282,H22,1,1,1,1
58102_002798_Sideline_283,H22,1,1,1,1
58102_002798_Sideline_284,H22,1,1,1,1
58102_002798_Sideline_285,H22,1,1,1,1
58102_002798_Sideline_286,H22,1,1,1,1
58102_002798_Sideline_287,H22,1,1,1,1
58102_002798_Sideline_288,H22,1,1,1,1
58102_002798_Sideline_289,H22,1,1,1,1
58102_002798_Sideline_290,H22,1,1,1,1
58102_002798_Sideline_291,H22,1,1,1,1
58102_002798_Sideline_292,H22,1,1,1,1
58102_002798_Sideline_293,H22,1,1,1,1
58102_002798_Sideline_294,H22,1,1,1,1
58102_002798_Sideline_295,H22,1,1,1,1
58102_002798_Sideline_296,H22,1,1,1,1
58102_002798_Sideline_297,H22,1,1,1,1
58102_002798_Sideline_298,H22,1,1,1,1
58102_002798_Sideline_299,H22,1,1,1,1
58102_002798_Sideline_300,H22,1,1,1,1
58102_002798_Sideline_301,H22,1,1,1,1
58102_002798_Sideline_302,H22,1,1,1,1
58102_002798_Sideline_303,H22,1,1,1,1
58102_002798_Sideline_304,H22,1,1,1,1
58102_002798_Sideline_305,H22,1,1,1,1
58102_002798_Sideline_306,H22,1,1,1,1
58102_002798_Sideline_307,H22,1,1,1,1
58102_002798_Sideline_308,H22,1,1,1,1
58102_002798_Sideline_309,H22,1,1,1,1
58102_002798_Sideline_310,H22,1,1,1,1
58102_002798_Sideline_311,H22,1,1,1,1
58102_002798_Sideline_312,H22,1,1,1,1
58102_002798_Sideline_313,H22,1,1,1,1
58102_002798_Sideline_314,H22,1,1,1,1
58102_002798_Sideline_315,H22,1,1,1,1
58102_002798_Sideline_316,H22,1,1,1,1
58102_002798_Sideline_317,H22,1,1,1,1
58102_002798_Sideline_318,H22,1,1,1,1
58102_002798_Sideline_319,H22,1,1,1,1
58102_002798_Sideline_320,H22,1,1,1,1
58102_002798_Sideline_321,H22,1,1,1,1
58102_002798_Sideline_322,H22,1,1,1,1
58102_002798_Sideline_323,H22,1,1,1,1
58102_002798_Sideline_324,H22,1,1,1,1
58102_002798_Sideline_325,H22,1,1,1,1
58102_002798_Sideline_326,H22,1,1,1,1
58102_002798_Sideline_327,H22,1,1,1,1
58102_002798_Sideline_328,H22,1,1,1,1
58102_002798_Sideline_329,H22,1,1,1,1
58102_002798_Sideline_330,H22,1,1,1,1
58102_002798_Sideline_331,H22,1,1,1,1
58102_002798_Sideline_332,H22,1,1,1,1
58102_002798_Sideline_333,H22,1,1,1,1
58102_002798_Sideline_334,H22,1,1,1,1
58102_002798_Sideline_335,H22,1,1,1,1
58102_002798_Sideline_336,H22,1,1,1,1
58102_002798_Sideline_337,H22,1,1,1,1
58102_002798_Sideline_338,H22,1,1,1,1
58102_002798_Sideline_339,H22,1,1,1,1
58102_002798_Sideline_340,H22,1,1,1,1
58102_002798_Sideline_341,H22,1,1,1,1
58102_002798_Sideline_342,H22,1,1,1,1
58102_002798_Sideline_343,H22,1,1,1,1
58102_002798_Sideline_344,H22,1,1,1,1
58102_002798_Sideline_345,H22,1,1,1,1
58102_002798_Sideline_346,H22,1,1,1,1
58102_002798_Sideline_347,H22,1,1,1,1
58102_002798_Sideline_348,H22,1,1,1,1
58102_002798_Sideline_349,H22,1,1,1,1
58102_002798_Sideline_350,H22,1,1,1,1
58102_002798_Sideline_351,H22,1,1,1,1
58102_002798_Sideline_352,H22,1,1,1,1
58102_002798_Sideline_353,H22,1,1,1,1
58102_002798_Sideline_354,H22,1,1,1,1
58102_002798_Sideline_355,H22,1,1,1,1
58102_002798_Sideline_356,H22,1,1,1,1
58102_002798_Sideline_357,H22,1,1,1,1
58102_002798_Sideline_358,H22,1,1,1,1
58102_002798_Sideline_359,H22,1,1,1,1
58102_002798_Sideline_360,H22,1,1,1,1
58102_002798_Sideline_361,H22,1,1,1,1
58102_002798_Sideline_362,H22,1,1,1,1
58102_002798_Sideline_363,H22,1,1,1,1
58102_002798_Sideline_364,H22,1,1,1,1
58102_002798_Sideline_365,H22,1,1,1,1
58102_002798_Sideline_366,H22,1,1,1,1
